teff,logg,mass,microTurb,composition,FeH,a_Fe,C_Fe,N_Fe,O_Fe
2500,3.0,0.0,0,an,-1.5,-0.4,0.0,0.0,-0.4
2500,3.0,0.0,0,an,-1.0,-0.4,0.0,0.0,-0.4
2500,3.0,0.0,0,an,-0.75,-0.4,0.0,0.0,-0.4
2500,3.0,0.0,0,an,-0.5,-0.4,0.0,0.0,-0.4
2500,3.0,0.0,0,an,-0.25,-0.4,0.0,0.0,-0.4
2500,3.0,0.0,0,st,-3.0,0.4,0.0,0.0,0.4
2500,3.0,0.0,0,st,-2.5,0.4,0.0,0.0,0.4
2500,3.0,0.0,0,st,-2.0,0.4,0.0,0.0,0.4
2500,3.0,0.0,0,st,-1.5,0.4,0.0,0.0,0.4
2500,3.0,0.0,0,st,-1.0,0.4,0.0,0.0,0.4
2500,3.0,0.0,0,st,-0.75,0.3,0.0,0.0,0.3
2500,3.0,0.0,0,st,-0.5,0.2,0.0,0.0,0.2
2500,3.0,0.0,0,st,-0.25,0.1,0.0,0.0,0.1
2500,3.0,0.0,0,st,0.0,0.0,0.0,0.0,0.0
2500,3.0,0.0,0,st,0.25,0.0,0.0,0.0,0.0
2500,3.0,0.0,0,st,0.5,0.0,0.0,0.0,0.0
2500,3.0,0.0,0,st,0.75,0.0,0.0,0.0,0.0
2500,3.0,0.0,0,st,1.0,0.0,0.0,0.0,0.0
2500,3.0,0.0,1,an,-1.5,-0.4,0.0,0.0,-0.4
2500,3.0,0.0,1,an,-1.0,-0.4,0.0,0.0,-0.4
2500,3.0,0.0,1,an,-0.75,-0.4,0.0,0.0,-0.4
2500,3.0,0.0,1,an,-0.5,-0.4,0.0,0.0,-0.4
2500,3.0,0.0,1,an,-0.25,-0.4,0.0,0.0,-0.4
2500,3.0,0.0,2,an,-1.5,-0.4,0.0,0.0,-0.4
2500,3.0,0.0,2,an,-1.0,-0.4,0.0,0.0,-0.4
2500,3.0,0.0,2,an,-0.75,-0.4,0.0,0.0,-0.4
2500,3.0,0.0,2,an,-0.5,-0.4,0.0,0.0,-0.4
2500,3.0,0.0,2,an,-0.25,-0.4,0.0,0.0,-0.4
2500,3.5,0.0,0,an,-1.5,-0.4,0.0,0.0,-0.4
2500,3.5,0.0,0,an,-1.0,-0.4,0.0,0.0,-0.4
2500,3.5,0.0,0,an,-0.75,-0.4,0.0,0.0,-0.4
2500,3.5,0.0,0,an,-0.5,-0.4,0.0,0.0,-0.4
2500,3.5,0.0,0,an,-0.25,-0.4,0.0,0.0,-0.4
2500,3.5,0.0,0,st,-2.5,0.4,0.0,0.0,0.4
2500,3.5,0.0,0,st,-2.0,0.4,0.0,0.0,0.4
2500,3.5,0.0,0,st,-1.5,0.4,0.0,0.0,0.4
2500,3.5,0.0,0,st,-1.0,0.4,0.0,0.0,0.4
2500,3.5,0.0,0,st,-0.75,0.3,0.0,0.0,0.3
2500,3.5,0.0,0,st,-0.5,0.2,0.0,0.0,0.2
2500,3.5,0.0,0,st,-0.25,0.1,0.0,0.0,0.1
2500,3.5,0.0,0,st,0.0,0.0,0.0,0.0,0.0
2500,3.5,0.0,0,st,0.5,0.0,0.0,0.0,0.0
2500,3.5,0.0,0,st,0.75,0.0,0.0,0.0,0.0
2500,3.5,0.0,0,st,1.0,0.0,0.0,0.0,0.0
2500,3.5,0.0,1,an,-1.5,-0.4,0.0,0.0,-0.4
2500,3.5,0.0,1,an,-1.0,-0.4,0.0,0.0,-0.4
2500,3.5,0.0,1,an,-0.75,-0.4,0.0,0.0,-0.4
2500,3.5,0.0,1,an,-0.5,-0.4,0.0,0.0,-0.4
2500,3.5,0.0,1,an,-0.25,-0.4,0.0,0.0,-0.4
2500,3.5,0.0,1,an,0.0,-0.4,0.0,0.0,-0.4
2500,3.5,0.0,1,an,0.25,-0.4,0.0,0.0,-0.4
2500,3.5,0.0,2,an,-1.5,-0.4,0.0,0.0,-0.4
2500,3.5,0.0,2,an,-1.0,-0.4,0.0,0.0,-0.4
2500,3.5,0.0,2,an,-0.75,-0.4,0.0,0.0,-0.4
2500,3.5,0.0,2,an,-0.5,-0.4,0.0,0.0,-0.4
2500,3.5,0.0,2,an,-0.25,-0.4,0.0,0.0,-0.4
2500,3.5,0.0,2,an,0.0,-0.4,0.0,0.0,-0.4
2500,4.0,0.0,0,an,-0.75,-0.4,0.0,0.0,-0.4
2500,4.0,0.0,0,an,-0.5,-0.4,0.0,0.0,-0.4
2500,4.0,0.0,0,an,-0.25,-0.4,0.0,0.0,-0.4
2500,4.0,0.0,0,st,-2.5,0.4,0.0,0.0,0.4
2500,4.0,0.0,0,st,-2.0,0.4,0.0,0.0,0.4
2500,4.0,0.0,0,st,-1.5,0.4,0.0,0.0,0.4
2500,4.0,0.0,0,st,-1.0,0.4,0.0,0.0,0.4
2500,4.0,0.0,0,st,-0.75,0.3,0.0,0.0,0.3
2500,4.0,0.0,0,st,-0.5,0.2,0.0,0.0,0.2
2500,4.0,0.0,0,st,-0.25,0.1,0.0,0.0,0.1
2500,4.0,0.0,0,st,0.0,0.0,0.0,0.0,0.0
2500,4.0,0.0,0,st,0.5,0.0,0.0,0.0,0.0
2500,4.0,0.0,0,st,0.75,0.0,0.0,0.0,0.0
2500,4.0,0.0,0,st,1.0,0.0,0.0,0.0,0.0
2500,4.0,0.0,1,an,-0.75,-0.4,0.0,0.0,-0.4
2500,4.0,0.0,1,an,-0.5,-0.4,0.0,0.0,-0.4
2500,4.0,0.0,1,an,-0.25,-0.4,0.0,0.0,-0.4
2500,4.0,0.0,2,an,-1.5,-0.4,0.0,0.0,-0.4
2500,4.0,0.0,2,an,-0.75,-0.4,0.0,0.0,-0.4
2500,4.0,0.0,2,an,-0.5,-0.4,0.0,0.0,-0.4
2500,4.0,0.0,2,an,-0.25,-0.4,0.0,0.0,-0.4
2500,4.5,0.0,0,an,-1.0,-0.4,0.0,0.0,-0.4
2500,4.5,0.0,0,an,-0.75,-0.4,0.0,0.0,-0.4
2500,4.5,0.0,0,an,-0.5,-0.4,0.0,0.0,-0.4
2500,4.5,0.0,0,an,-0.25,-0.4,0.0,0.0,-0.4
2500,4.5,0.0,0,st,-1.5,0.4,0.0,0.0,0.4
2500,4.5,0.0,0,st,-1.0,0.4,0.0,0.0,0.4
2500,4.5,0.0,0,st,-0.75,0.3,0.0,0.0,0.3
2500,4.5,0.0,0,st,-0.5,0.2,0.0,0.0,0.2
2500,4.5,0.0,0,st,-0.25,0.1,0.0,0.0,0.1
2500,4.5,0.0,0,st,0.0,0.0,0.0,0.0,0.0
2500,4.5,0.0,0,st,0.5,0.0,0.0,0.0,0.0
2500,4.5,0.0,0,st,0.75,0.0,0.0,0.0,0.0
2500,4.5,0.0,0,st,1.0,0.0,0.0,0.0,0.0
2500,4.5,0.0,1,an,-1.0,-0.4,0.0,0.0,-0.4
2500,4.5,0.0,1,an,-0.75,-0.4,0.0,0.0,-0.4
2500,4.5,0.0,1,an,-0.5,-0.4,0.0,0.0,-0.4
2500,4.5,0.0,1,an,-0.25,-0.4,0.0,0.0,-0.4
2500,4.5,0.0,2,an,-1.0,-0.4,0.0,0.0,-0.4
2500,4.5,0.0,2,an,-0.75,-0.4,0.0,0.0,-0.4
2500,4.5,0.0,2,an,-0.5,-0.4,0.0,0.0,-0.4
2500,4.5,0.0,2,an,-0.25,-0.4,0.0,0.0,-0.4
2500,5.0,0.0,0,an,-0.75,-0.4,0.0,0.0,-0.4
2500,5.0,0.0,0,an,-0.5,-0.4,0.0,0.0,-0.4
2500,5.0,0.0,0,an,-0.25,-0.4,0.0,0.0,-0.4
2500,5.0,0.0,0,st,-2.0,0.4,0.0,0.0,0.4
2500,5.0,0.0,0,st,-1.5,0.4,0.0,0.0,0.4
2500,5.0,0.0,0,st,-1.0,0.4,0.0,0.0,0.4
2500,5.0,0.0,0,st,-0.75,0.3,0.0,0.0,0.3
2500,5.0,0.0,0,st,-0.5,0.2,0.0,0.0,0.2
2500,5.0,0.0,0,st,-0.25,0.1,0.0,0.0,0.1
2500,5.0,0.0,0,st,0.0,0.0,0.0,0.0,0.0
2500,5.0,0.0,0,st,0.5,0.0,0.0,0.0,0.0
2500,5.0,0.0,0,st,0.75,0.0,0.0,0.0,0.0
2500,5.0,0.0,0,st,1.0,0.0,0.0,0.0,0.0
2500,5.0,0.0,1,an,-0.75,-0.4,0.0,0.0,-0.4
2500,5.0,0.0,1,an,-0.5,-0.4,0.0,0.0,-0.4
2500,5.0,0.0,1,an,-0.25,-0.4,0.0,0.0,-0.4
2500,5.0,0.0,2,an,-0.75,-0.4,0.0,0.0,-0.4
2500,5.0,0.0,2,an,-0.5,-0.4,0.0,0.0,-0.4
2500,5.0,0.0,2,an,-0.25,-0.4,0.0,0.0,-0.4
2500,5.5,0.0,0,an,-0.25,-0.4,0.0,0.0,-0.4
2500,5.5,0.0,0,st,-1.0,0.4,0.0,0.0,0.4
2500,5.5,0.0,0,st,-0.75,0.3,0.0,0.0,0.3
2500,5.5,0.0,0,st,-0.5,0.2,0.0,0.0,0.2
2500,5.5,0.0,0,st,-0.25,0.1,0.0,0.0,0.1
2500,5.5,0.0,0,st,0.0,0.0,0.0,0.0,0.0
2500,5.5,0.0,0,st,0.5,0.0,0.0,0.0,0.0
2500,5.5,0.0,0,st,0.75,0.0,0.0,0.0,0.0
2500,5.5,0.0,1,an,-0.25,-0.4,0.0,0.0,-0.4
2500,5.5,0.0,2,an,-0.5,-0.4,0.0,0.0,-0.4
2500,5.5,0.0,2,an,-0.25,-0.4,0.0,0.0,-0.4
2600,3.0,0.0,0,an,-2.0,-0.4,0.0,0.0,-0.4
2600,3.0,0.0,0,an,-1.5,-0.4,0.0,0.0,-0.4
2600,3.0,0.0,0,an,-0.75,-0.4,0.0,0.0,-0.4
2600,3.0,0.0,0,an,-0.5,-0.4,0.0,0.0,-0.4
2600,3.0,0.0,0,an,-0.25,-0.4,0.0,0.0,-0.4
2600,3.0,0.0,0,an,0.25,-0.4,0.0,0.0,-0.4
2600,3.0,0.0,0,an,0.75,-0.4,0.0,0.0,-0.4
2600,3.0,0.0,0,an,1.0,-0.4,0.0,0.0,-0.4
2600,3.0,0.0,0,st,-3.0,0.4,0.0,0.0,0.4
2600,3.0,0.0,0,st,-2.5,0.4,0.0,0.0,0.4
2600,3.0,0.0,0,st,-2.0,0.4,0.0,0.0,0.4
2600,3.0,0.0,0,st,-1.5,0.4,0.0,0.0,0.4
2600,3.0,0.0,0,st,-1.0,0.4,0.0,0.0,0.4
2600,3.0,0.0,0,st,-0.75,0.3,0.0,0.0,0.3
2600,3.0,0.0,0,st,-0.5,0.2,0.0,0.0,0.2
2600,3.0,0.0,0,st,-0.25,0.1,0.0,0.0,0.1
2600,3.0,0.0,0,st,0.0,0.0,0.0,0.0,0.0
2600,3.0,0.0,0,st,0.25,0.0,0.0,0.0,0.0
2600,3.0,0.0,0,st,0.5,0.0,0.0,0.0,0.0
2600,3.0,0.0,0,st,0.75,0.0,0.0,0.0,0.0
2600,3.0,0.0,0,st,1.0,0.0,0.0,0.0,0.0
2600,3.0,0.0,1,an,-2.0,-0.4,0.0,0.0,-0.4
2600,3.0,0.0,1,an,-0.75,-0.4,0.0,0.0,-0.4
2600,3.0,0.0,1,an,-0.5,-0.4,0.0,0.0,-0.4
2600,3.0,0.0,1,an,-0.25,-0.4,0.0,0.0,-0.4
2600,3.0,0.0,1,an,0.0,-0.4,0.0,0.0,-0.4
2600,3.0,0.0,1,an,0.25,-0.4,0.0,0.0,-0.4
2600,3.0,0.0,1,an,0.5,-0.4,0.0,0.0,-0.4
2600,3.0,0.0,1,an,0.75,-0.4,0.0,0.0,-0.4
2600,3.0,0.0,1,an,1.0,-0.4,0.0,0.0,-0.4
2600,3.0,0.0,2,an,-2.0,-0.4,0.0,0.0,-0.4
2600,3.0,0.0,2,an,-0.75,-0.4,0.0,0.0,-0.4
2600,3.0,0.0,2,an,-0.5,-0.4,0.0,0.0,-0.4
2600,3.0,0.0,2,an,-0.25,-0.4,0.0,0.0,-0.4
2600,3.0,0.0,2,an,0.25,-0.4,0.0,0.0,-0.4
2600,3.0,0.0,2,an,0.5,-0.4,0.0,0.0,-0.4
2600,3.0,0.0,2,an,0.75,-0.4,0.0,0.0,-0.4
2600,3.0,0.0,2,an,1.0,-0.4,0.0,0.0,-0.4
2600,3.5,0.0,0,an,-1.5,-0.4,0.0,0.0,-0.4
2600,3.5,0.0,0,an,-0.75,-0.4,0.0,0.0,-0.4
2600,3.5,0.0,0,an,-0.5,-0.4,0.0,0.0,-0.4
2600,3.5,0.0,0,an,-0.25,-0.4,0.0,0.0,-0.4
2600,3.5,0.0,0,an,1.0,-0.4,0.0,0.0,-0.4
2600,3.5,0.0,0,st,-3.0,0.4,0.0,0.0,0.4
2600,3.5,0.0,0,st,-2.5,0.4,0.0,0.0,0.4
2600,3.5,0.0,0,st,-1.5,0.4,0.0,0.0,0.4
2600,3.5,0.0,0,st,-1.0,0.4,0.0,0.0,0.4
2600,3.5,0.0,0,st,-0.75,0.3,0.0,0.0,0.3
2600,3.5,0.0,0,st,-0.5,0.2,0.0,0.0,0.2
2600,3.5,0.0,0,st,-0.25,0.1,0.0,0.0,0.1
2600,3.5,0.0,0,st,0.0,0.0,0.0,0.0,0.0
2600,3.5,0.0,0,st,0.5,0.0,0.0,0.0,0.0
2600,3.5,0.0,0,st,0.75,0.0,0.0,0.0,0.0
2600,3.5,0.0,0,st,1.0,0.0,0.0,0.0,0.0
2600,3.5,0.0,1,an,-1.5,-0.4,0.0,0.0,-0.4
2600,3.5,0.0,1,an,-0.75,-0.4,0.0,0.0,-0.4
2600,3.5,0.0,1,an,-0.5,-0.4,0.0,0.0,-0.4
2600,3.5,0.0,1,an,-0.25,-0.4,0.0,0.0,-0.4
2600,3.5,0.0,1,an,0.75,-0.4,0.0,0.0,-0.4
2600,3.5,0.0,1,an,1.0,-0.4,0.0,0.0,-0.4
2600,3.5,0.0,2,an,-0.75,-0.4,0.0,0.0,-0.4
2600,3.5,0.0,2,an,-0.5,-0.4,0.0,0.0,-0.4
2600,3.5,0.0,2,an,-0.25,-0.4,0.0,0.0,-0.4
2600,4.0,0.0,0,an,-1.0,-0.4,0.0,0.0,-0.4
2600,4.0,0.0,0,an,-0.75,-0.4,0.0,0.0,-0.4
2600,4.0,0.0,0,an,-0.5,-0.4,0.0,0.0,-0.4
2600,4.0,0.0,0,an,-0.25,-0.4,0.0,0.0,-0.4
2600,4.0,0.0,0,st,-2.5,0.4,0.0,0.0,0.4
2600,4.0,0.0,0,st,-2.0,0.4,0.0,0.0,0.4
2600,4.0,0.0,0,st,-1.5,0.4,0.0,0.0,0.4
2600,4.0,0.0,0,st,-1.0,0.4,0.0,0.0,0.4
2600,4.0,0.0,0,st,-0.75,0.3,0.0,0.0,0.3
2600,4.0,0.0,0,st,-0.5,0.2,0.0,0.0,0.2
2600,4.0,0.0,0,st,-0.25,0.1,0.0,0.0,0.1
2600,4.0,0.0,0,st,0.0,0.0,0.0,0.0,0.0
2600,4.0,0.0,0,st,0.5,0.0,0.0,0.0,0.0
2600,4.0,0.0,0,st,0.75,0.0,0.0,0.0,0.0
2600,4.0,0.0,0,st,1.0,0.0,0.0,0.0,0.0
2600,4.0,0.0,1,an,-1.0,-0.4,0.0,0.0,-0.4
2600,4.0,0.0,1,an,-0.75,-0.4,0.0,0.0,-0.4
2600,4.0,0.0,1,an,-0.5,-0.4,0.0,0.0,-0.4
2600,4.0,0.0,1,an,-0.25,-0.4,0.0,0.0,-0.4
2600,4.0,0.0,2,an,-1.0,-0.4,0.0,0.0,-0.4
2600,4.0,0.0,2,an,-0.75,-0.4,0.0,0.0,-0.4
2600,4.0,0.0,2,an,-0.5,-0.4,0.0,0.0,-0.4
2600,4.0,0.0,2,an,-0.25,-0.4,0.0,0.0,-0.4
2600,4.5,0.0,0,an,-2.0,-0.4,0.0,0.0,-0.4
2600,4.5,0.0,0,an,-0.75,-0.4,0.0,0.0,-0.4
2600,4.5,0.0,0,an,-0.5,-0.4,0.0,0.0,-0.4
2600,4.5,0.0,0,an,-0.25,-0.4,0.0,0.0,-0.4
2600,4.5,0.0,0,st,-2.0,0.4,0.0,0.0,0.4
2600,4.5,0.0,0,st,-1.0,0.4,0.0,0.0,0.4
2600,4.5,0.0,0,st,-0.75,0.3,0.0,0.0,0.3
2600,4.5,0.0,0,st,-0.5,0.2,0.0,0.0,0.2
2600,4.5,0.0,0,st,-0.25,0.1,0.0,0.0,0.1
2600,4.5,0.0,0,st,0.0,0.0,0.0,0.0,0.0
2600,4.5,0.0,0,st,0.5,0.0,0.0,0.0,0.0
2600,4.5,0.0,0,st,0.75,0.0,0.0,0.0,0.0
2600,4.5,0.0,0,st,1.0,0.0,0.0,0.0,0.0
2600,4.5,0.0,1,an,-2.0,-0.4,0.0,0.0,-0.4
2600,4.5,0.0,1,an,-1.0,-0.4,0.0,0.0,-0.4
2600,4.5,0.0,1,an,-0.75,-0.4,0.0,0.0,-0.4
2600,4.5,0.0,1,an,-0.5,-0.4,0.0,0.0,-0.4
2600,4.5,0.0,1,an,-0.25,-0.4,0.0,0.0,-0.4
2600,4.5,0.0,2,an,-2.0,-0.4,0.0,0.0,-0.4
2600,4.5,0.0,2,an,-1.0,-0.4,0.0,0.0,-0.4
2600,4.5,0.0,2,an,-0.75,-0.4,0.0,0.0,-0.4
2600,4.5,0.0,2,an,-0.5,-0.4,0.0,0.0,-0.4
2600,4.5,0.0,2,an,-0.25,-0.4,0.0,0.0,-0.4
2600,5.0,0.0,0,an,-2.0,-0.4,0.0,0.0,-0.4
2600,5.0,0.0,0,an,-1.0,-0.4,0.0,0.0,-0.4
2600,5.0,0.0,0,an,-0.75,-0.4,0.0,0.0,-0.4
2600,5.0,0.0,0,an,-0.5,-0.4,0.0,0.0,-0.4
2600,5.0,0.0,0,an,-0.25,-0.4,0.0,0.0,-0.4
2600,5.0,0.0,0,an,0.0,-0.4,0.0,0.0,-0.4
2600,5.0,0.0,0,st,-1.5,0.4,0.0,0.0,0.4
2600,5.0,0.0,0,st,-1.0,0.4,0.0,0.0,0.4
2600,5.0,0.0,0,st,-0.75,0.3,0.0,0.0,0.3
2600,5.0,0.0,0,st,-0.5,0.2,0.0,0.0,0.2
2600,5.0,0.0,0,st,-0.25,0.1,0.0,0.0,0.1
2600,5.0,0.0,0,st,0.0,0.0,0.0,0.0,0.0
2600,5.0,0.0,0,st,0.5,0.0,0.0,0.0,0.0
2600,5.0,0.0,0,st,0.75,0.0,0.0,0.0,0.0
2600,5.0,0.0,0,st,1.0,0.0,0.0,0.0,0.0
2600,5.0,0.0,1,an,-2.0,-0.4,0.0,0.0,-0.4
2600,5.0,0.0,1,an,-1.0,-0.4,0.0,0.0,-0.4
2600,5.0,0.0,1,an,-0.75,-0.4,0.0,0.0,-0.4
2600,5.0,0.0,1,an,-0.5,-0.4,0.0,0.0,-0.4
2600,5.0,0.0,1,an,-0.25,-0.4,0.0,0.0,-0.4
2600,5.0,0.0,2,an,-2.0,-0.4,0.0,0.0,-0.4
2600,5.0,0.0,2,an,-1.0,-0.4,0.0,0.0,-0.4
2600,5.0,0.0,2,an,-0.75,-0.4,0.0,0.0,-0.4
2600,5.0,0.0,2,an,-0.5,-0.4,0.0,0.0,-0.4
2600,5.0,0.0,2,an,-0.25,-0.4,0.0,0.0,-0.4
2600,5.5,0.0,0,an,-2.0,-0.4,0.0,0.0,-0.4
2600,5.5,0.0,0,an,-1.0,-0.4,0.0,0.0,-0.4
2600,5.5,0.0,0,an,-0.75,-0.4,0.0,0.0,-0.4
2600,5.5,0.0,0,an,-0.5,-0.4,0.0,0.0,-0.4
2600,5.5,0.0,0,an,-0.25,-0.4,0.0,0.0,-0.4
2600,5.5,0.0,0,st,-0.5,0.2,0.0,0.0,0.2
2600,5.5,0.0,0,st,-0.25,0.1,0.0,0.0,0.1
2600,5.5,0.0,0,st,0.0,0.0,0.0,0.0,0.0
2600,5.5,0.0,0,st,0.5,0.0,0.0,0.0,0.0
2600,5.5,0.0,0,st,0.75,0.0,0.0,0.0,0.0
2600,5.5,0.0,0,st,1.0,0.0,0.0,0.0,0.0
2600,5.5,0.0,1,an,-2.0,-0.4,0.0,0.0,-0.4
2600,5.5,0.0,1,an,-1.0,-0.4,0.0,0.0,-0.4
2600,5.5,0.0,1,an,-0.75,-0.4,0.0,0.0,-0.4
2600,5.5,0.0,1,an,-0.5,-0.4,0.0,0.0,-0.4
2600,5.5,0.0,1,an,-0.25,-0.4,0.0,0.0,-0.4
2600,5.5,0.0,2,an,-2.0,-0.4,0.0,0.0,-0.4
2600,5.5,0.0,2,an,-1.0,-0.4,0.0,0.0,-0.4
2600,5.5,0.0,2,an,-0.75,-0.4,0.0,0.0,-0.4
2600,5.5,0.0,2,an,-0.5,-0.4,0.0,0.0,-0.4
2600,5.5,0.0,2,an,-0.25,-0.4,0.0,0.0,-0.4
2700,3.0,0.0,0,an,-2.0,-0.4,0.0,0.0,-0.4
2700,3.0,0.0,0,an,-1.5,-0.4,0.0,0.0,-0.4
2700,3.0,0.0,0,an,-1.0,-0.4,0.0,0.0,-0.4
2700,3.0,0.0,0,an,-0.75,-0.4,0.0,0.0,-0.4
2700,3.0,0.0,0,an,-0.5,-0.4,0.0,0.0,-0.4
2700,3.0,0.0,0,an,-0.25,-0.4,0.0,0.0,-0.4
2700,3.0,0.0,0,an,0.0,-0.4,0.0,0.0,-0.4
2700,3.0,0.0,0,an,0.25,-0.4,0.0,0.0,-0.4
2700,3.0,0.0,0,an,0.5,-0.4,0.0,0.0,-0.4
2700,3.0,0.0,0,an,0.75,-0.4,0.0,0.0,-0.4
2700,3.0,0.0,0,an,1.0,-0.4,0.0,0.0,-0.4
2700,3.0,0.0,0,st,-5.0,0.4,0.0,0.0,0.4
2700,3.0,0.0,0,st,-3.0,0.4,0.0,0.0,0.4
2700,3.0,0.0,0,st,-2.5,0.4,0.0,0.0,0.4
2700,3.0,0.0,0,st,-2.0,0.4,0.0,0.0,0.4
2700,3.0,0.0,0,st,-1.5,0.4,0.0,0.0,0.4
2700,3.0,0.0,0,st,-1.0,0.4,0.0,0.0,0.4
2700,3.0,0.0,0,st,-0.75,0.3,0.0,0.0,0.3
2700,3.0,0.0,0,st,-0.5,0.2,0.0,0.0,0.2
2700,3.0,0.0,0,st,-0.25,0.1,0.0,0.0,0.1
2700,3.0,0.0,0,st,0.0,0.0,0.0,0.0,0.0
2700,3.0,0.0,0,st,0.25,0.0,0.0,0.0,0.0
2700,3.0,0.0,0,st,0.5,0.0,0.0,0.0,0.0
2700,3.0,0.0,0,st,0.75,0.0,0.0,0.0,0.0
2700,3.0,0.0,0,st,1.0,0.0,0.0,0.0,0.0
2700,3.0,0.0,1,an,-2.0,-0.4,0.0,0.0,-0.4
2700,3.0,0.0,1,an,-1.5,-0.4,0.0,0.0,-0.4
2700,3.0,0.0,1,an,-1.0,-0.4,0.0,0.0,-0.4
2700,3.0,0.0,1,an,-0.75,-0.4,0.0,0.0,-0.4
2700,3.0,0.0,1,an,-0.5,-0.4,0.0,0.0,-0.4
2700,3.0,0.0,1,an,-0.25,-0.4,0.0,0.0,-0.4
2700,3.0,0.0,1,an,0.0,-0.4,0.0,0.0,-0.4
2700,3.0,0.0,1,an,0.25,-0.4,0.0,0.0,-0.4
2700,3.0,0.0,1,an,0.5,-0.4,0.0,0.0,-0.4
2700,3.0,0.0,1,an,0.75,-0.4,0.0,0.0,-0.4
2700,3.0,0.0,2,an,-2.0,-0.4,0.0,0.0,-0.4
2700,3.0,0.0,2,an,-1.5,-0.4,0.0,0.0,-0.4
2700,3.0,0.0,2,an,-1.0,-0.4,0.0,0.0,-0.4
2700,3.0,0.0,2,an,-0.75,-0.4,0.0,0.0,-0.4
2700,3.0,0.0,2,an,-0.5,-0.4,0.0,0.0,-0.4
2700,3.0,0.0,2,an,-0.25,-0.4,0.0,0.0,-0.4
2700,3.0,0.0,2,an,0.0,-0.4,0.0,0.0,-0.4
2700,3.0,0.0,2,an,0.25,-0.4,0.0,0.0,-0.4
2700,3.0,0.0,2,an,0.5,-0.4,0.0,0.0,-0.4
2700,3.0,0.0,2,an,0.75,-0.4,0.0,0.0,-0.4
2700,3.0,0.0,2,an,1.0,-0.4,0.0,0.0,-0.4
2700,3.5,0.0,0,an,-1.5,-0.4,0.0,0.0,-0.4
2700,3.5,0.0,0,an,-1.0,-0.4,0.0,0.0,-0.4
2700,3.5,0.0,0,an,-0.75,-0.4,0.0,0.0,-0.4
2700,3.5,0.0,0,an,-0.5,-0.4,0.0,0.0,-0.4
2700,3.5,0.0,0,an,-0.25,-0.4,0.0,0.0,-0.4
2700,3.5,0.0,0,an,0.0,-0.4,0.0,0.0,-0.4
2700,3.5,0.0,0,an,0.25,-0.4,0.0,0.0,-0.4
2700,3.5,0.0,0,an,0.5,-0.4,0.0,0.0,-0.4
2700,3.5,0.0,0,an,0.75,-0.4,0.0,0.0,-0.4
2700,3.5,0.0,0,an,1.0,-0.4,0.0,0.0,-0.4
2700,3.5,0.0,0,st,-4.0,0.4,0.0,0.0,0.4
2700,3.5,0.0,0,st,-3.0,0.4,0.0,0.0,0.4
2700,3.5,0.0,0,st,-2.5,0.4,0.0,0.0,0.4
2700,3.5,0.0,0,st,-2.0,0.4,0.0,0.0,0.4
2700,3.5,0.0,0,st,-1.5,0.4,0.0,0.0,0.4
2700,3.5,0.0,0,st,-1.0,0.4,0.0,0.0,0.4
2700,3.5,0.0,0,st,-0.75,0.3,0.0,0.0,0.3
2700,3.5,0.0,0,st,-0.5,0.2,0.0,0.0,0.2
2700,3.5,0.0,0,st,-0.25,0.1,0.0,0.0,0.1
2700,3.5,0.0,0,st,0.0,0.0,0.0,0.0,0.0
2700,3.5,0.0,1,an,-1.5,-0.4,0.0,0.0,-0.4
2700,3.5,0.0,1,an,-1.0,-0.4,0.0,0.0,-0.4
2700,3.5,0.0,1,an,-0.75,-0.4,0.0,0.0,-0.4
2700,3.5,0.0,1,an,-0.5,-0.4,0.0,0.0,-0.4
2700,3.5,0.0,1,an,-0.25,-0.4,0.0,0.0,-0.4
2700,3.5,0.0,1,an,0.0,-0.4,0.0,0.0,-0.4
2700,3.5,0.0,1,an,0.25,-0.4,0.0,0.0,-0.4
2700,3.5,0.0,1,an,0.5,-0.4,0.0,0.0,-0.4
2700,3.5,0.0,1,an,0.75,-0.4,0.0,0.0,-0.4
2700,3.5,0.0,1,an,1.0,-0.4,0.0,0.0,-0.4
2700,3.5,0.0,2,an,-1.5,-0.4,0.0,0.0,-0.4
2700,3.5,0.0,2,an,-1.0,-0.4,0.0,0.0,-0.4
2700,3.5,0.0,2,an,-0.75,-0.4,0.0,0.0,-0.4
2700,3.5,0.0,2,an,-0.5,-0.4,0.0,0.0,-0.4
2700,3.5,0.0,2,an,-0.25,-0.4,0.0,0.0,-0.4
2700,3.5,0.0,2,an,0.0,-0.4,0.0,0.0,-0.4
2700,3.5,0.0,2,an,0.25,-0.4,0.0,0.0,-0.4
2700,3.5,0.0,2,an,0.5,-0.4,0.0,0.0,-0.4
2700,3.5,0.0,2,an,0.75,-0.4,0.0,0.0,-0.4
2700,3.5,0.0,2,an,1.0,-0.4,0.0,0.0,-0.4
2700,4.0,0.0,0,an,-1.5,-0.4,0.0,0.0,-0.4
2700,4.0,0.0,0,an,-1.0,-0.4,0.0,0.0,-0.4
2700,4.0,0.0,0,an,-0.75,-0.4,0.0,0.0,-0.4
2700,4.0,0.0,0,an,-0.5,-0.4,0.0,0.0,-0.4
2700,4.0,0.0,0,an,-0.25,-0.4,0.0,0.0,-0.4
2700,4.0,0.0,0,an,0.0,-0.4,0.0,0.0,-0.4
2700,4.0,0.0,0,an,0.25,-0.4,0.0,0.0,-0.4
2700,4.0,0.0,0,an,0.5,-0.4,0.0,0.0,-0.4
2700,4.0,0.0,0,an,0.75,-0.4,0.0,0.0,-0.4
2700,4.0,0.0,0,an,1.0,-0.4,0.0,0.0,-0.4
2700,4.0,0.0,0,st,-2.5,0.4,0.0,0.0,0.4
2700,4.0,0.0,0,st,-2.0,0.4,0.0,0.0,0.4
2700,4.0,0.0,0,st,-1.5,0.4,0.0,0.0,0.4
2700,4.0,0.0,0,st,-1.0,0.4,0.0,0.0,0.4
2700,4.0,0.0,0,st,-0.75,0.3,0.0,0.0,0.3
2700,4.0,0.0,0,st,-0.5,0.2,0.0,0.0,0.2
2700,4.0,0.0,0,st,-0.25,0.1,0.0,0.0,0.1
2700,4.0,0.0,0,st,0.0,0.0,0.0,0.0,0.0
2700,4.0,0.0,0,st,0.5,0.0,0.0,0.0,0.0
2700,4.0,0.0,0,st,0.75,0.0,0.0,0.0,0.0
2700,4.0,0.0,0,st,1.0,0.0,0.0,0.0,0.0
2700,4.0,0.0,1,an,-1.5,-0.4,0.0,0.0,-0.4
2700,4.0,0.0,1,an,-1.0,-0.4,0.0,0.0,-0.4
2700,4.0,0.0,1,an,-0.75,-0.4,0.0,0.0,-0.4
2700,4.0,0.0,1,an,-0.5,-0.4,0.0,0.0,-0.4
2700,4.0,0.0,1,an,-0.25,-0.4,0.0,0.0,-0.4
2700,4.0,0.0,1,an,0.0,-0.4,0.0,0.0,-0.4
2700,4.0,0.0,1,an,0.25,-0.4,0.0,0.0,-0.4
2700,4.0,0.0,1,an,0.5,-0.4,0.0,0.0,-0.4
2700,4.0,0.0,1,an,0.75,-0.4,0.0,0.0,-0.4
2700,4.0,0.0,1,an,1.0,-0.4,0.0,0.0,-0.4
2700,4.0,0.0,2,an,-1.5,-0.4,0.0,0.0,-0.4
2700,4.0,0.0,2,an,-1.0,-0.4,0.0,0.0,-0.4
2700,4.0,0.0,2,an,-0.75,-0.4,0.0,0.0,-0.4
2700,4.0,0.0,2,an,-0.25,-0.4,0.0,0.0,-0.4
2700,4.0,0.0,2,an,0.0,-0.4,0.0,0.0,-0.4
2700,4.0,0.0,2,an,0.25,-0.4,0.0,0.0,-0.4
2700,4.0,0.0,2,an,0.5,-0.4,0.0,0.0,-0.4
2700,4.0,0.0,2,an,0.75,-0.4,0.0,0.0,-0.4
2700,4.0,0.0,2,an,1.0,-0.4,0.0,0.0,-0.4
2700,4.5,0.0,0,an,-0.75,-0.4,0.0,0.0,-0.4
2700,4.5,0.0,0,an,-0.5,-0.4,0.0,0.0,-0.4
2700,4.5,0.0,0,an,-0.25,-0.4,0.0,0.0,-0.4
2700,4.5,0.0,0,an,0.5,-0.4,0.0,0.0,-0.4
2700,4.5,0.0,0,an,0.75,-0.4,0.0,0.0,-0.4
2700,4.5,0.0,0,an,1.0,-0.4,0.0,0.0,-0.4
2700,4.5,0.0,0,st,-2.5,0.4,0.0,0.0,0.4
2700,4.5,0.0,0,st,-2.0,0.4,0.0,0.0,0.4
2700,4.5,0.0,0,st,-1.5,0.4,0.0,0.0,0.4
2700,4.5,0.0,0,st,-1.0,0.4,0.0,0.0,0.4
2700,4.5,0.0,0,st,-0.75,0.3,0.0,0.0,0.3
2700,4.5,0.0,0,st,-0.5,0.2,0.0,0.0,0.2
2700,4.5,0.0,0,st,-0.25,0.1,0.0,0.0,0.1
2700,4.5,0.0,0,st,0.0,0.0,0.0,0.0,0.0
2700,4.5,0.0,0,st,0.5,0.0,0.0,0.0,0.0
2700,4.5,0.0,0,st,0.75,0.0,0.0,0.0,0.0
2700,4.5,0.0,0,st,1.0,0.0,0.0,0.0,0.0
2700,4.5,0.0,1,an,-0.75,-0.4,0.0,0.0,-0.4
2700,4.5,0.0,1,an,-0.5,-0.4,0.0,0.0,-0.4
2700,4.5,0.0,1,an,-0.25,-0.4,0.0,0.0,-0.4
2700,4.5,0.0,1,an,0.5,-0.4,0.0,0.0,-0.4
2700,4.5,0.0,1,an,1.0,-0.4,0.0,0.0,-0.4
2700,4.5,0.0,2,an,-0.75,-0.4,0.0,0.0,-0.4
2700,4.5,0.0,2,an,-0.5,-0.4,0.0,0.0,-0.4
2700,4.5,0.0,2,an,-0.25,-0.4,0.0,0.0,-0.4
2700,4.5,0.0,2,an,0.0,-0.4,0.0,0.0,-0.4
2700,4.5,0.0,2,an,0.5,-0.4,0.0,0.0,-0.4
2700,4.5,0.0,2,an,0.75,-0.4,0.0,0.0,-0.4
2700,4.5,0.0,2,an,1.0,-0.4,0.0,0.0,-0.4
2700,5.0,0.0,0,an,-1.0,-0.4,0.0,0.0,-0.4
2700,5.0,0.0,0,an,-0.75,-0.4,0.0,0.0,-0.4
2700,5.0,0.0,0,an,-0.5,-0.4,0.0,0.0,-0.4
2700,5.0,0.0,0,an,-0.25,-0.4,0.0,0.0,-0.4
2700,5.0,0.0,0,st,-2.5,0.4,0.0,0.0,0.4
2700,5.0,0.0,0,st,-1.5,0.4,0.0,0.0,0.4
2700,5.0,0.0,0,st,-1.0,0.4,0.0,0.0,0.4
2700,5.0,0.0,0,st,-0.75,0.3,0.0,0.0,0.3
2700,5.0,0.0,0,st,-0.5,0.2,0.0,0.0,0.2
2700,5.0,0.0,0,st,-0.25,0.1,0.0,0.0,0.1
2700,5.0,0.0,0,st,0.0,0.0,0.0,0.0,0.0
2700,5.0,0.0,0,st,0.5,0.0,0.0,0.0,0.0
2700,5.0,0.0,0,st,0.75,0.0,0.0,0.0,0.0
2700,5.0,0.0,0,st,1.0,0.0,0.0,0.0,0.0
2700,5.0,0.0,1,an,-1.0,-0.4,0.0,0.0,-0.4
2700,5.0,0.0,1,an,-0.75,-0.4,0.0,0.0,-0.4
2700,5.0,0.0,1,an,-0.5,-0.4,0.0,0.0,-0.4
2700,5.0,0.0,1,an,-0.25,-0.4,0.0,0.0,-0.4
2700,5.0,0.0,2,an,-1.0,-0.4,0.0,0.0,-0.4
2700,5.0,0.0,2,an,-0.75,-0.4,0.0,0.0,-0.4
2700,5.0,0.0,2,an,-0.5,-0.4,0.0,0.0,-0.4
2700,5.0,0.0,2,an,-0.25,-0.4,0.0,0.0,-0.4
2700,5.0,0.0,2,an,0.25,-0.4,0.0,0.0,-0.4
2700,5.5,0.0,0,an,-2.0,-0.4,0.0,0.0,-0.4
2700,5.5,0.0,0,an,-1.5,-0.4,0.0,0.0,-0.4
2700,5.5,0.0,0,an,-1.0,-0.4,0.0,0.0,-0.4
2700,5.5,0.0,0,an,-0.75,-0.4,0.0,0.0,-0.4
2700,5.5,0.0,0,an,-0.5,-0.4,0.0,0.0,-0.4
2700,5.5,0.0,0,an,-0.25,-0.4,0.0,0.0,-0.4
2700,5.5,0.0,0,an,0.25,-0.4,0.0,0.0,-0.4
2700,5.5,0.0,0,st,-2.0,0.4,0.0,0.0,0.4
2700,5.5,0.0,0,st,-1.5,0.4,0.0,0.0,0.4
2700,5.5,0.0,0,st,-1.0,0.4,0.0,0.0,0.4
2700,5.5,0.0,0,st,-0.75,0.3,0.0,0.0,0.3
2700,5.5,0.0,0,st,-0.5,0.2,0.0,0.0,0.2
2700,5.5,0.0,0,st,-0.25,0.1,0.0,0.0,0.1
2700,5.5,0.0,0,st,0.0,0.0,0.0,0.0,0.0
2700,5.5,0.0,0,st,0.5,0.0,0.0,0.0,0.0
2700,5.5,0.0,0,st,0.75,0.0,0.0,0.0,0.0
2700,5.5,0.0,0,st,1.0,0.0,0.0,0.0,0.0
2700,5.5,0.0,1,an,-2.0,-0.4,0.0,0.0,-0.4
2700,5.5,0.0,1,an,-1.5,-0.4,0.0,0.0,-0.4
2700,5.5,0.0,1,an,-1.0,-0.4,0.0,0.0,-0.4
2700,5.5,0.0,1,an,-0.75,-0.4,0.0,0.0,-0.4
2700,5.5,0.0,1,an,-0.5,-0.4,0.0,0.0,-0.4
2700,5.5,0.0,1,an,-0.25,-0.4,0.0,0.0,-0.4
2700,5.5,0.0,2,an,-2.0,-0.4,0.0,0.0,-0.4
2700,5.5,0.0,2,an,-1.5,-0.4,0.0,0.0,-0.4
2700,5.5,0.0,2,an,-1.0,-0.4,0.0,0.0,-0.4
2700,5.5,0.0,2,an,-0.75,-0.4,0.0,0.0,-0.4
2700,5.5,0.0,2,an,-0.5,-0.4,0.0,0.0,-0.4
2700,5.5,0.0,2,an,-0.25,-0.4,0.0,0.0,-0.4
2800,3.0,0.0,0,an,-2.0,-0.4,0.0,0.0,-0.4
2800,3.0,0.0,0,an,-1.5,-0.4,0.0,0.0,-0.4
2800,3.0,0.0,0,an,-1.0,-0.4,0.0,0.0,-0.4
2800,3.0,0.0,0,an,-0.75,-0.4,0.0,0.0,-0.4
2800,3.0,0.0,0,an,-0.5,-0.4,0.0,0.0,-0.4
2800,3.0,0.0,0,an,-0.25,-0.4,0.0,0.0,-0.4
2800,3.0,0.0,0,an,0.0,-0.4,0.0,0.0,-0.4
2800,3.0,0.0,0,an,0.25,-0.4,0.0,0.0,-0.4
2800,3.0,0.0,0,an,0.5,-0.4,0.0,0.0,-0.4
2800,3.0,0.0,0,an,0.75,-0.4,0.0,0.0,-0.4
2800,3.0,0.0,0,an,1.0,-0.4,0.0,0.0,-0.4
2800,3.0,0.0,0,st,-5.0,0.4,0.0,0.0,0.4
2800,3.0,0.0,0,st,-4.0,0.4,0.0,0.0,0.4
2800,3.0,0.0,0,st,-3.0,0.4,0.0,0.0,0.4
2800,3.0,0.0,0,st,-2.5,0.4,0.0,0.0,0.4
2800,3.0,0.0,0,st,-2.0,0.4,0.0,0.0,0.4
2800,3.0,0.0,0,st,-1.5,0.4,0.0,0.0,0.4
2800,3.0,0.0,0,st,-1.0,0.4,0.0,0.0,0.4
2800,3.0,0.0,0,st,-0.75,0.3,0.0,0.0,0.3
2800,3.0,0.0,0,st,-0.5,0.2,0.0,0.0,0.2
2800,3.0,0.0,0,st,-0.25,0.1,0.0,0.0,0.1
2800,3.0,0.0,0,st,0.0,0.0,0.0,0.0,0.0
2800,3.0,0.0,1,an,-2.0,-0.4,0.0,0.0,-0.4
2800,3.0,0.0,1,an,-1.5,-0.4,0.0,0.0,-0.4
2800,3.0,0.0,1,an,-1.0,-0.4,0.0,0.0,-0.4
2800,3.0,0.0,1,an,-0.75,-0.4,0.0,0.0,-0.4
2800,3.0,0.0,1,an,-0.5,-0.4,0.0,0.0,-0.4
2800,3.0,0.0,1,an,-0.25,-0.4,0.0,0.0,-0.4
2800,3.0,0.0,1,an,0.0,-0.4,0.0,0.0,-0.4
2800,3.0,0.0,1,an,0.25,-0.4,0.0,0.0,-0.4
2800,3.0,0.0,1,an,0.5,-0.4,0.0,0.0,-0.4
2800,3.0,0.0,1,an,0.75,-0.4,0.0,0.0,-0.4
2800,3.0,0.0,1,an,1.0,-0.4,0.0,0.0,-0.4
2800,3.0,0.0,2,an,-2.0,-0.4,0.0,0.0,-0.4
2800,3.0,0.0,2,an,-1.5,-0.4,0.0,0.0,-0.4
2800,3.0,0.0,2,an,-1.0,-0.4,0.0,0.0,-0.4
2800,3.0,0.0,2,an,-0.75,-0.4,0.0,0.0,-0.4
2800,3.0,0.0,2,an,-0.5,-0.4,0.0,0.0,-0.4
2800,3.0,0.0,2,an,-0.25,-0.4,0.0,0.0,-0.4
2800,3.0,0.0,2,an,0.0,-0.4,0.0,0.0,-0.4
2800,3.0,0.0,2,an,0.5,-0.4,0.0,0.0,-0.4
2800,3.0,0.0,2,an,0.75,-0.4,0.0,0.0,-0.4
2800,3.0,0.0,2,an,1.0,-0.4,0.0,0.0,-0.4
2800,3.5,0.0,0,an,-2.0,-0.4,0.0,0.0,-0.4
2800,3.5,0.0,0,an,-1.5,-0.4,0.0,0.0,-0.4
2800,3.5,0.0,0,an,-1.0,-0.4,0.0,0.0,-0.4
2800,3.5,0.0,0,an,-0.75,-0.4,0.0,0.0,-0.4
2800,3.5,0.0,0,an,-0.5,-0.4,0.0,0.0,-0.4
2800,3.5,0.0,0,an,-0.25,-0.4,0.0,0.0,-0.4
2800,3.5,0.0,0,an,0.0,-0.4,0.0,0.0,-0.4
2800,3.5,0.0,0,an,0.25,-0.4,0.0,0.0,-0.4
2800,3.5,0.0,0,an,0.5,-0.4,0.0,0.0,-0.4
2800,3.5,0.0,0,an,0.75,-0.4,0.0,0.0,-0.4
2800,3.5,0.0,0,an,1.0,-0.4,0.0,0.0,-0.4
2800,3.5,0.0,0,st,-5.0,0.4,0.0,0.0,0.4
2800,3.5,0.0,0,st,-3.0,0.4,0.0,0.0,0.4
2800,3.5,0.0,0,st,-2.5,0.4,0.0,0.0,0.4
2800,3.5,0.0,0,st,-2.0,0.4,0.0,0.0,0.4
2800,3.5,0.0,0,st,-1.5,0.4,0.0,0.0,0.4
2800,3.5,0.0,0,st,-1.0,0.4,0.0,0.0,0.4
2800,3.5,0.0,0,st,-0.75,0.3,0.0,0.0,0.3
2800,3.5,0.0,0,st,-0.5,0.2,0.0,0.0,0.2
2800,3.5,0.0,0,st,-0.25,0.1,0.0,0.0,0.1
2800,3.5,0.0,0,st,0.0,0.0,0.0,0.0,0.0
2800,3.5,0.0,0,st,0.5,0.0,0.0,0.0,0.0
2800,3.5,0.0,0,st,0.75,0.0,0.0,0.0,0.0
2800,3.5,0.0,0,st,1.0,0.0,0.0,0.0,0.0
2800,3.5,0.0,1,an,-2.0,-0.4,0.0,0.0,-0.4
2800,3.5,0.0,1,an,-1.5,-0.4,0.0,0.0,-0.4
2800,3.5,0.0,1,an,-1.0,-0.4,0.0,0.0,-0.4
2800,3.5,0.0,1,an,-0.75,-0.4,0.0,0.0,-0.4
2800,3.5,0.0,1,an,-0.5,-0.4,0.0,0.0,-0.4
2800,3.5,0.0,1,an,-0.25,-0.4,0.0,0.0,-0.4
2800,3.5,0.0,1,an,0.0,-0.4,0.0,0.0,-0.4
2800,3.5,0.0,1,an,0.25,-0.4,0.0,0.0,-0.4
2800,3.5,0.0,1,an,0.5,-0.4,0.0,0.0,-0.4
2800,3.5,0.0,1,an,0.75,-0.4,0.0,0.0,-0.4
2800,3.5,0.0,2,an,-2.0,-0.4,0.0,0.0,-0.4
2800,3.5,0.0,2,an,-1.5,-0.4,0.0,0.0,-0.4
2800,3.5,0.0,2,an,-1.0,-0.4,0.0,0.0,-0.4
2800,3.5,0.0,2,an,-0.75,-0.4,0.0,0.0,-0.4
2800,3.5,0.0,2,an,-0.5,-0.4,0.0,0.0,-0.4
2800,3.5,0.0,2,an,-0.25,-0.4,0.0,0.0,-0.4
2800,3.5,0.0,2,an,0.0,-0.4,0.0,0.0,-0.4
2800,3.5,0.0,2,an,0.25,-0.4,0.0,0.0,-0.4
2800,3.5,0.0,2,an,0.5,-0.4,0.0,0.0,-0.4
2800,3.5,0.0,2,an,0.75,-0.4,0.0,0.0,-0.4
2800,3.5,0.0,2,an,1.0,-0.4,0.0,0.0,-0.4
2800,4.0,0.0,0,an,-1.5,-0.4,0.0,0.0,-0.4
2800,4.0,0.0,0,an,-1.0,-0.4,0.0,0.0,-0.4
2800,4.0,0.0,0,an,-0.75,-0.4,0.0,0.0,-0.4
2800,4.0,0.0,0,an,-0.5,-0.4,0.0,0.0,-0.4
2800,4.0,0.0,0,an,-0.25,-0.4,0.0,0.0,-0.4
2800,4.0,0.0,0,an,0.0,-0.4,0.0,0.0,-0.4
2800,4.0,0.0,0,an,0.25,-0.4,0.0,0.0,-0.4
2800,4.0,0.0,0,an,0.5,-0.4,0.0,0.0,-0.4
2800,4.0,0.0,0,an,0.75,-0.4,0.0,0.0,-0.4
2800,4.0,0.0,0,an,1.0,-0.4,0.0,0.0,-0.4
2800,4.0,0.0,0,st,-4.0,0.4,0.0,0.0,0.4
2800,4.0,0.0,0,st,-2.5,0.4,0.0,0.0,0.4
2800,4.0,0.0,0,st,-2.0,0.4,0.0,0.0,0.4
2800,4.0,0.0,0,st,-1.5,0.4,0.0,0.0,0.4
2800,4.0,0.0,0,st,-1.0,0.4,0.0,0.0,0.4
2800,4.0,0.0,0,st,-0.75,0.3,0.0,0.0,0.3
2800,4.0,0.0,0,st,-0.5,0.2,0.0,0.0,0.2
2800,4.0,0.0,0,st,-0.25,0.1,0.0,0.0,0.1
2800,4.0,0.0,0,st,0.0,0.0,0.0,0.0,0.0
2800,4.0,0.0,0,st,0.5,0.0,0.0,0.0,0.0
2800,4.0,0.0,0,st,0.75,0.0,0.0,0.0,0.0
2800,4.0,0.0,0,st,1.0,0.0,0.0,0.0,0.0
2800,4.0,0.0,1,an,-1.5,-0.4,0.0,0.0,-0.4
2800,4.0,0.0,1,an,-1.0,-0.4,0.0,0.0,-0.4
2800,4.0,0.0,1,an,-0.75,-0.4,0.0,0.0,-0.4
2800,4.0,0.0,1,an,-0.5,-0.4,0.0,0.0,-0.4
2800,4.0,0.0,1,an,-0.25,-0.4,0.0,0.0,-0.4
2800,4.0,0.0,1,an,0.0,-0.4,0.0,0.0,-0.4
2800,4.0,0.0,1,an,0.25,-0.4,0.0,0.0,-0.4
2800,4.0,0.0,1,an,0.5,-0.4,0.0,0.0,-0.4
2800,4.0,0.0,1,an,0.75,-0.4,0.0,0.0,-0.4
2800,4.0,0.0,1,an,1.0,-0.4,0.0,0.0,-0.4
2800,4.0,0.0,2,an,-1.5,-0.4,0.0,0.0,-0.4
2800,4.0,0.0,2,an,-1.0,-0.4,0.0,0.0,-0.4
2800,4.0,0.0,2,an,-0.75,-0.4,0.0,0.0,-0.4
2800,4.0,0.0,2,an,-0.5,-0.4,0.0,0.0,-0.4
2800,4.0,0.0,2,an,-0.25,-0.4,0.0,0.0,-0.4
2800,4.0,0.0,2,an,0.0,-0.4,0.0,0.0,-0.4
2800,4.0,0.0,2,an,0.25,-0.4,0.0,0.0,-0.4
2800,4.0,0.0,2,an,0.5,-0.4,0.0,0.0,-0.4
2800,4.0,0.0,2,an,0.75,-0.4,0.0,0.0,-0.4
2800,4.0,0.0,2,an,1.0,-0.4,0.0,0.0,-0.4
2800,4.5,0.0,0,an,-1.0,-0.4,0.0,0.0,-0.4
2800,4.5,0.0,0,an,-0.75,-0.4,0.0,0.0,-0.4
2800,4.5,0.0,0,an,-0.5,-0.4,0.0,0.0,-0.4
2800,4.5,0.0,0,an,-0.25,-0.4,0.0,0.0,-0.4
2800,4.5,0.0,0,an,0.0,-0.4,0.0,0.0,-0.4
2800,4.5,0.0,0,an,0.25,-0.4,0.0,0.0,-0.4
2800,4.5,0.0,0,an,0.5,-0.4,0.0,0.0,-0.4
2800,4.5,0.0,0,an,0.75,-0.4,0.0,0.0,-0.4
2800,4.5,0.0,0,an,1.0,-0.4,0.0,0.0,-0.4
2800,4.5,0.0,0,st,-4.0,0.4,0.0,0.0,0.4
2800,4.5,0.0,0,st,-2.5,0.4,0.0,0.0,0.4
2800,4.5,0.0,0,st,-2.0,0.4,0.0,0.0,0.4
2800,4.5,0.0,0,st,-1.5,0.4,0.0,0.0,0.4
2800,4.5,0.0,0,st,-1.0,0.4,0.0,0.0,0.4
2800,4.5,0.0,0,st,-0.75,0.3,0.0,0.0,0.3
2800,4.5,0.0,0,st,-0.5,0.2,0.0,0.0,0.2
2800,4.5,0.0,0,st,-0.25,0.1,0.0,0.0,0.1
2800,4.5,0.0,0,st,0.0,0.0,0.0,0.0,0.0
2800,4.5,0.0,0,st,0.5,0.0,0.0,0.0,0.0
2800,4.5,0.0,0,st,0.75,0.0,0.0,0.0,0.0
2800,4.5,0.0,0,st,1.0,0.0,0.0,0.0,0.0
2800,4.5,0.0,1,an,-1.0,-0.4,0.0,0.0,-0.4
2800,4.5,0.0,1,an,-0.75,-0.4,0.0,0.0,-0.4
2800,4.5,0.0,1,an,-0.5,-0.4,0.0,0.0,-0.4
2800,4.5,0.0,1,an,-0.25,-0.4,0.0,0.0,-0.4
2800,4.5,0.0,1,an,0.0,-0.4,0.0,0.0,-0.4
2800,4.5,0.0,1,an,0.25,-0.4,0.0,0.0,-0.4
2800,4.5,0.0,1,an,0.5,-0.4,0.0,0.0,-0.4
2800,4.5,0.0,1,an,0.75,-0.4,0.0,0.0,-0.4
2800,4.5,0.0,1,an,1.0,-0.4,0.0,0.0,-0.4
2800,4.5,0.0,2,an,-1.0,-0.4,0.0,0.0,-0.4
2800,4.5,0.0,2,an,-0.75,-0.4,0.0,0.0,-0.4
2800,4.5,0.0,2,an,-0.5,-0.4,0.0,0.0,-0.4
2800,4.5,0.0,2,an,-0.25,-0.4,0.0,0.0,-0.4
2800,4.5,0.0,2,an,0.0,-0.4,0.0,0.0,-0.4
2800,4.5,0.0,2,an,0.25,-0.4,0.0,0.0,-0.4
2800,4.5,0.0,2,an,0.5,-0.4,0.0,0.0,-0.4
2800,4.5,0.0,2,an,0.75,-0.4,0.0,0.0,-0.4
2800,4.5,0.0,2,an,1.0,-0.4,0.0,0.0,-0.4
2800,5.0,0.0,0,an,-1.0,-0.4,0.0,0.0,-0.4
2800,5.0,0.0,0,an,-0.75,-0.4,0.0,0.0,-0.4
2800,5.0,0.0,0,an,-0.5,-0.4,0.0,0.0,-0.4
2800,5.0,0.0,0,an,-0.25,-0.4,0.0,0.0,-0.4
2800,5.0,0.0,0,an,0.5,-0.4,0.0,0.0,-0.4
2800,5.0,0.0,0,an,0.75,-0.4,0.0,0.0,-0.4
2800,5.0,0.0,0,an,1.0,-0.4,0.0,0.0,-0.4
2800,5.0,0.0,0,st,-2.5,0.4,0.0,0.0,0.4
2800,5.0,0.0,0,st,-2.0,0.4,0.0,0.0,0.4
2800,5.0,0.0,0,st,-1.5,0.4,0.0,0.0,0.4
2800,5.0,0.0,0,st,-1.0,0.4,0.0,0.0,0.4
2800,5.0,0.0,0,st,-0.75,0.3,0.0,0.0,0.3
2800,5.0,0.0,0,st,-0.5,0.2,0.0,0.0,0.2
2800,5.0,0.0,0,st,-0.25,0.1,0.0,0.0,0.1
2800,5.0,0.0,0,st,0.0,0.0,0.0,0.0,0.0
2800,5.0,0.0,0,st,0.5,0.0,0.0,0.0,0.0
2800,5.0,0.0,0,st,0.75,0.0,0.0,0.0,0.0
2800,5.0,0.0,0,st,1.0,0.0,0.0,0.0,0.0
2800,5.0,0.0,1,an,-1.0,-0.4,0.0,0.0,-0.4
2800,5.0,0.0,1,an,-0.75,-0.4,0.0,0.0,-0.4
2800,5.0,0.0,1,an,-0.5,-0.4,0.0,0.0,-0.4
2800,5.0,0.0,1,an,-0.25,-0.4,0.0,0.0,-0.4
2800,5.0,0.0,1,an,0.5,-0.4,0.0,0.0,-0.4
2800,5.0,0.0,1,an,0.75,-0.4,0.0,0.0,-0.4
2800,5.0,0.0,1,an,1.0,-0.4,0.0,0.0,-0.4
2800,5.0,0.0,2,an,-1.0,-0.4,0.0,0.0,-0.4
2800,5.0,0.0,2,an,-0.75,-0.4,0.0,0.0,-0.4
2800,5.0,0.0,2,an,-0.5,-0.4,0.0,0.0,-0.4
2800,5.0,0.0,2,an,-0.25,-0.4,0.0,0.0,-0.4
2800,5.0,0.0,2,an,0.0,-0.4,0.0,0.0,-0.4
2800,5.0,0.0,2,an,0.5,-0.4,0.0,0.0,-0.4
2800,5.0,0.0,2,an,0.75,-0.4,0.0,0.0,-0.4
2800,5.0,0.0,2,an,1.0,-0.4,0.0,0.0,-0.4
2800,5.5,0.0,0,an,-1.0,-0.4,0.0,0.0,-0.4
2800,5.5,0.0,0,an,-0.75,-0.4,0.0,0.0,-0.4
2800,5.5,0.0,0,an,-0.5,-0.4,0.0,0.0,-0.4
2800,5.5,0.0,0,an,-0.25,-0.4,0.0,0.0,-0.4
2800,5.5,0.0,0,an,0.75,-0.4,0.0,0.0,-0.4
2800,5.5,0.0,0,st,-2.0,0.4,0.0,0.0,0.4
2800,5.5,0.0,0,st,-1.5,0.4,0.0,0.0,0.4
2800,5.5,0.0,0,st,-1.0,0.4,0.0,0.0,0.4
2800,5.5,0.0,0,st,-0.75,0.3,0.0,0.0,0.3
2800,5.5,0.0,0,st,-0.5,0.2,0.0,0.0,0.2
2800,5.5,0.0,0,st,-0.25,0.1,0.0,0.0,0.1
2800,5.5,0.0,0,st,0.0,0.0,0.0,0.0,0.0
2800,5.5,0.0,0,st,0.5,0.0,0.0,0.0,0.0
2800,5.5,0.0,0,st,0.75,0.0,0.0,0.0,0.0
2800,5.5,0.0,0,st,1.0,0.0,0.0,0.0,0.0
2800,5.5,0.0,1,an,-1.5,-0.4,0.0,0.0,-0.4
2800,5.5,0.0,1,an,-1.0,-0.4,0.0,0.0,-0.4
2800,5.5,0.0,1,an,-0.75,-0.4,0.0,0.0,-0.4
2800,5.5,0.0,1,an,-0.5,-0.4,0.0,0.0,-0.4
2800,5.5,0.0,1,an,-0.25,-0.4,0.0,0.0,-0.4
2800,5.5,0.0,1,an,0.0,-0.4,0.0,0.0,-0.4
2800,5.5,0.0,1,an,0.75,-0.4,0.0,0.0,-0.4
2800,5.5,0.0,2,an,-1.5,-0.4,0.0,0.0,-0.4
2800,5.5,0.0,2,an,-1.0,-0.4,0.0,0.0,-0.4
2800,5.5,0.0,2,an,-0.75,-0.4,0.0,0.0,-0.4
2800,5.5,0.0,2,an,-0.5,-0.4,0.0,0.0,-0.4
2800,5.5,0.0,2,an,-0.25,-0.4,0.0,0.0,-0.4
2800,5.5,0.0,2,an,0.75,-0.4,0.0,0.0,-0.4
2900,3.0,0.0,0,st,-5.0,0.4,0.0,0.0,0.4
2900,3.0,0.0,0,st,-4.0,0.4,0.0,0.0,0.4
2900,3.0,0.0,0,st,-3.0,0.4,0.0,0.0,0.4
2900,3.0,0.0,0,st,-2.5,0.4,0.0,0.0,0.4
2900,3.0,0.0,0,st,-2.0,0.4,0.0,0.0,0.4
2900,3.0,0.0,0,st,-1.5,0.4,0.0,0.0,0.4
2900,3.0,0.0,0,st,-1.0,0.4,0.0,0.0,0.4
2900,3.0,0.0,0,st,-0.75,0.3,0.0,0.0,0.3
2900,3.0,0.0,0,st,-0.5,0.2,0.0,0.0,0.2
2900,3.0,0.0,0,st,-0.25,0.1,0.0,0.0,0.1
2900,3.0,0.0,0,st,0.0,0.0,0.0,0.0,0.0
2900,3.0,0.0,0,st,0.25,0.0,0.0,0.0,0.0
2900,3.0,0.0,0,st,0.5,0.0,0.0,0.0,0.0
2900,3.0,0.0,0,st,0.75,0.0,0.0,0.0,0.0
2900,3.0,0.0,0,st,1.0,0.0,0.0,0.0,0.0
2900,3.5,0.0,0,st,-5.0,0.4,0.0,0.0,0.4
2900,3.5,0.0,0,st,-2.5,0.4,0.0,0.0,0.4
2900,3.5,0.0,0,st,-2.0,0.4,0.0,0.0,0.4
2900,3.5,0.0,0,st,-1.5,0.4,0.0,0.0,0.4
2900,3.5,0.0,0,st,-1.0,0.4,0.0,0.0,0.4
2900,3.5,0.0,0,st,-0.75,0.3,0.0,0.0,0.3
2900,3.5,0.0,0,st,-0.5,0.2,0.0,0.0,0.2
2900,3.5,0.0,0,st,-0.25,0.1,0.0,0.0,0.1
2900,3.5,0.0,0,st,0.0,0.0,0.0,0.0,0.0
2900,3.5,0.0,0,st,0.5,0.0,0.0,0.0,0.0
2900,3.5,0.0,0,st,0.75,0.0,0.0,0.0,0.0
2900,3.5,0.0,0,st,1.0,0.0,0.0,0.0,0.0
2900,4.0,0.0,0,st,-5.0,0.4,0.0,0.0,0.4
2900,4.0,0.0,0,st,-4.0,0.4,0.0,0.0,0.4
2900,4.0,0.0,0,st,-3.0,0.4,0.0,0.0,0.4
2900,4.0,0.0,0,st,-2.5,0.4,0.0,0.0,0.4
2900,4.0,0.0,0,st,-2.0,0.4,0.0,0.0,0.4
2900,4.0,0.0,0,st,-1.5,0.4,0.0,0.0,0.4
2900,4.0,0.0,0,st,-1.0,0.4,0.0,0.0,0.4
2900,4.0,0.0,0,st,-0.75,0.3,0.0,0.0,0.3
2900,4.0,0.0,0,st,-0.5,0.2,0.0,0.0,0.2
2900,4.0,0.0,0,st,-0.25,0.1,0.0,0.0,0.1
2900,4.0,0.0,0,st,0.0,0.0,0.0,0.0,0.0
2900,4.0,0.0,0,st,0.5,0.0,0.0,0.0,0.0
2900,4.0,0.0,0,st,0.75,0.0,0.0,0.0,0.0
2900,4.0,0.0,0,st,1.0,0.0,0.0,0.0,0.0
2900,4.5,0.0,0,st,-3.0,0.4,0.0,0.0,0.4
2900,4.5,0.0,0,st,-2.5,0.4,0.0,0.0,0.4
2900,4.5,0.0,0,st,-2.0,0.4,0.0,0.0,0.4
2900,4.5,0.0,0,st,-1.5,0.4,0.0,0.0,0.4
2900,4.5,0.0,0,st,-1.0,0.4,0.0,0.0,0.4
2900,4.5,0.0,0,st,-0.75,0.3,0.0,0.0,0.3
2900,4.5,0.0,0,st,-0.5,0.2,0.0,0.0,0.2
2900,4.5,0.0,0,st,-0.25,0.1,0.0,0.0,0.1
2900,4.5,0.0,0,st,0.0,0.0,0.0,0.0,0.0
2900,4.5,0.0,0,st,0.5,0.0,0.0,0.0,0.0
2900,4.5,0.0,0,st,0.75,0.0,0.0,0.0,0.0
2900,4.5,0.0,0,st,1.0,0.0,0.0,0.0,0.0
2900,5.0,0.0,0,st,-2.5,0.4,0.0,0.0,0.4
2900,5.0,0.0,0,st,-1.5,0.4,0.0,0.0,0.4
2900,5.0,0.0,0,st,-1.0,0.4,0.0,0.0,0.4
2900,5.0,0.0,0,st,-0.75,0.3,0.0,0.0,0.3
2900,5.0,0.0,0,st,-0.5,0.2,0.0,0.0,0.2
2900,5.0,0.0,0,st,-0.25,0.1,0.0,0.0,0.1
2900,5.0,0.0,0,st,0.0,0.0,0.0,0.0,0.0
2900,5.0,0.0,0,st,0.5,0.0,0.0,0.0,0.0
2900,5.0,0.0,0,st,0.75,0.0,0.0,0.0,0.0
2900,5.0,0.0,0,st,1.0,0.0,0.0,0.0,0.0
2900,5.5,0.0,0,st,-1.5,0.4,0.0,0.0,0.4
2900,5.5,0.0,0,st,-1.0,0.4,0.0,0.0,0.4
2900,5.5,0.0,0,st,-0.75,0.3,0.0,0.0,0.3
2900,5.5,0.0,0,st,-0.5,0.2,0.0,0.0,0.2
2900,5.5,0.0,0,st,-0.25,0.1,0.0,0.0,0.1
2900,5.5,0.0,0,st,0.0,0.0,0.0,0.0,0.0
2900,5.5,0.0,0,st,0.5,0.0,0.0,0.0,0.0
2900,5.5,0.0,0,st,0.75,0.0,0.0,0.0,0.0
2900,5.5,0.0,0,st,1.0,0.0,0.0,0.0,0.0
3000,3.0,0.0,0,st,-5.0,0.4,0.0,0.0,0.4
3000,3.0,0.0,0,st,-4.0,0.4,0.0,0.0,0.4
3000,3.0,0.0,0,st,-3.0,0.4,0.0,0.0,0.4
3000,3.0,0.0,0,st,-2.5,0.4,0.0,0.0,0.4
3000,3.0,0.0,0,st,-1.5,0.4,0.0,0.0,0.4
3000,3.0,0.0,0,st,-1.0,0.4,0.0,0.0,0.4
3000,3.0,0.0,0,st,-0.75,0.3,0.0,0.0,0.3
3000,3.0,0.0,0,st,-0.5,0.2,0.0,0.0,0.2
3000,3.0,0.0,0,st,-0.25,0.1,0.0,0.0,0.1
3000,3.0,0.0,0,st,0.0,0.0,0.0,0.0,0.0
3000,3.0,0.0,0,st,0.25,0.0,0.0,0.0,0.0
3000,3.0,0.0,0,st,0.5,0.0,0.0,0.0,0.0
3000,3.0,0.0,0,st,0.75,0.0,0.0,0.0,0.0
3000,3.0,0.0,0,st,1.0,0.0,0.0,0.0,0.0
3000,3.5,0.0,0,st,-5.0,0.4,0.0,0.0,0.4
3000,3.5,0.0,0,st,-4.0,0.4,0.0,0.0,0.4
3000,3.5,0.0,0,st,-3.0,0.4,0.0,0.0,0.4
3000,3.5,0.0,0,st,-2.5,0.4,0.0,0.0,0.4
3000,3.5,0.0,0,st,-2.0,0.4,0.0,0.0,0.4
3000,3.5,0.0,0,st,-1.5,0.4,0.0,0.0,0.4
3000,3.5,0.0,0,st,-1.0,0.4,0.0,0.0,0.4
3000,3.5,0.0,0,st,-0.75,0.3,0.0,0.0,0.3
3000,3.5,0.0,0,st,-0.5,0.2,0.0,0.0,0.2
3000,3.5,0.0,0,st,-0.25,0.1,0.0,0.0,0.1
3000,3.5,0.0,0,st,0.0,0.0,0.0,0.0,0.0
3000,3.5,0.0,0,st,0.5,0.0,0.0,0.0,0.0
3000,3.5,0.0,0,st,0.75,0.0,0.0,0.0,0.0
3000,3.5,0.0,0,st,1.0,0.0,0.0,0.0,0.0
3000,4.0,0.0,0,st,-5.0,0.4,0.0,0.0,0.4
3000,4.0,0.0,0,st,-4.0,0.4,0.0,0.0,0.4
3000,4.0,0.0,0,st,-3.0,0.4,0.0,0.0,0.4
3000,4.0,0.0,0,st,-2.5,0.4,0.0,0.0,0.4
3000,4.0,0.0,0,st,-2.0,0.4,0.0,0.0,0.4
3000,4.0,0.0,0,st,-1.5,0.4,0.0,0.0,0.4
3000,4.0,0.0,0,st,-1.0,0.4,0.0,0.0,0.4
3000,4.0,0.0,0,st,-0.75,0.3,0.0,0.0,0.3
3000,4.0,0.0,0,st,-0.5,0.2,0.0,0.0,0.2
3000,4.0,0.0,0,st,-0.25,0.1,0.0,0.0,0.1
3000,4.0,0.0,0,st,0.0,0.0,0.0,0.0,0.0
3000,4.0,0.0,0,st,0.5,0.0,0.0,0.0,0.0
3000,4.0,0.0,0,st,0.75,0.0,0.0,0.0,0.0
3000,4.0,0.0,0,st,1.0,0.0,0.0,0.0,0.0
3000,4.5,0.0,0,st,-5.0,0.4,0.0,0.0,0.4
3000,4.5,0.0,0,st,-4.0,0.4,0.0,0.0,0.4
3000,4.5,0.0,0,st,-2.5,0.4,0.0,0.0,0.4
3000,4.5,0.0,0,st,-2.0,0.4,0.0,0.0,0.4
3000,4.5,0.0,0,st,-1.5,0.4,0.0,0.0,0.4
3000,4.5,0.0,0,st,-1.0,0.4,0.0,0.0,0.4
3000,4.5,0.0,0,st,-0.75,0.3,0.0,0.0,0.3
3000,4.5,0.0,0,st,-0.5,0.2,0.0,0.0,0.2
3000,4.5,0.0,0,st,-0.25,0.1,0.0,0.0,0.1
3000,4.5,0.0,0,st,0.0,0.0,0.0,0.0,0.0
3000,4.5,0.0,0,st,0.5,0.0,0.0,0.0,0.0
3000,4.5,0.0,0,st,0.75,0.0,0.0,0.0,0.0
3000,4.5,0.0,0,st,1.0,0.0,0.0,0.0,0.0
3000,5.0,0.0,0,st,-2.5,0.4,0.0,0.0,0.4
3000,5.0,0.0,0,st,-2.0,0.4,0.0,0.0,0.4
3000,5.0,0.0,0,st,-1.5,0.4,0.0,0.0,0.4
3000,5.0,0.0,0,st,-1.0,0.4,0.0,0.0,0.4
3000,5.0,0.0,0,st,-0.75,0.3,0.0,0.0,0.3
3000,5.0,0.0,0,st,-0.5,0.2,0.0,0.0,0.2
3000,5.0,0.0,0,st,-0.25,0.1,0.0,0.0,0.1
3000,5.0,0.0,0,st,0.0,0.0,0.0,0.0,0.0
3000,5.0,0.0,0,st,0.5,0.0,0.0,0.0,0.0
3000,5.0,0.0,0,st,0.75,0.0,0.0,0.0,0.0
3000,5.0,0.0,0,st,1.0,0.0,0.0,0.0,0.0
3000,5.5,0.0,0,st,-2.0,0.4,0.0,0.0,0.4
3000,5.5,0.0,0,st,-1.5,0.4,0.0,0.0,0.4
3000,5.5,0.0,0,st,-1.0,0.4,0.0,0.0,0.4
3000,5.5,0.0,0,st,-0.75,0.3,0.0,0.0,0.3
3000,5.5,0.0,0,st,-0.5,0.2,0.0,0.0,0.2
3000,5.5,0.0,0,st,-0.25,0.1,0.0,0.0,0.1
3000,5.5,0.0,0,st,0.0,0.0,0.0,0.0,0.0
3000,5.5,0.0,0,st,0.5,0.0,0.0,0.0,0.0
3000,5.5,0.0,0,st,0.75,0.0,0.0,0.0,0.0
3000,5.5,0.0,0,st,1.0,0.0,0.0,0.0,0.0
3100,3.0,0.0,0,st,-5.0,0.4,0.0,0.0,0.4
3100,3.0,0.0,0,st,-4.0,0.4,0.0,0.0,0.4
3100,3.0,0.0,0,st,-3.0,0.4,0.0,0.0,0.4
3100,3.0,0.0,0,st,-2.5,0.4,0.0,0.0,0.4
3100,3.0,0.0,0,st,-2.0,0.4,0.0,0.0,0.4
3100,3.0,0.0,0,st,-1.5,0.4,0.0,0.0,0.4
3100,3.0,0.0,0,st,-1.0,0.4,0.0,0.0,0.4
3100,3.0,0.0,0,st,-0.75,0.3,0.0,0.0,0.3
3100,3.0,0.0,0,st,-0.5,0.2,0.0,0.0,0.2
3100,3.0,0.0,0,st,-0.25,0.1,0.0,0.0,0.1
3100,3.0,0.0,0,st,0.0,0.0,0.0,0.0,0.0
3100,3.0,0.0,0,st,0.25,0.0,0.0,0.0,0.0
3100,3.0,0.0,0,st,0.5,0.0,0.0,0.0,0.0
3100,3.0,0.0,0,st,0.75,0.0,0.0,0.0,0.0
3100,3.0,0.0,0,st,1.0,0.0,0.0,0.0,0.0
3100,3.5,0.0,0,st,-5.0,0.4,0.0,0.0,0.4
3100,3.5,0.0,0,st,-4.0,0.4,0.0,0.0,0.4
3100,3.5,0.0,0,st,-3.0,0.4,0.0,0.0,0.4
3100,3.5,0.0,0,st,-2.5,0.4,0.0,0.0,0.4
3100,3.5,0.0,0,st,-2.0,0.4,0.0,0.0,0.4
3100,3.5,0.0,0,st,-1.0,0.4,0.0,0.0,0.4
3100,3.5,0.0,0,st,-0.75,0.3,0.0,0.0,0.3
3100,3.5,0.0,0,st,-0.5,0.2,0.0,0.0,0.2
3100,3.5,0.0,0,st,-0.25,0.1,0.0,0.0,0.1
3100,3.5,0.0,0,st,0.0,0.0,0.0,0.0,0.0
3100,3.5,0.0,0,st,0.5,0.0,0.0,0.0,0.0
3100,3.5,0.0,0,st,0.75,0.0,0.0,0.0,0.0
3100,3.5,0.0,0,st,1.0,0.0,0.0,0.0,0.0
3100,4.0,0.0,0,st,-5.0,0.4,0.0,0.0,0.4
3100,4.0,0.0,0,st,-4.0,0.4,0.0,0.0,0.4
3100,4.0,0.0,0,st,-2.5,0.4,0.0,0.0,0.4
3100,4.0,0.0,0,st,-2.0,0.4,0.0,0.0,0.4
3100,4.0,0.0,0,st,-1.5,0.4,0.0,0.0,0.4
3100,4.0,0.0,0,st,-1.0,0.4,0.0,0.0,0.4
3100,4.0,0.0,0,st,-0.75,0.3,0.0,0.0,0.3
3100,4.0,0.0,0,st,-0.5,0.2,0.0,0.0,0.2
3100,4.0,0.0,0,st,-0.25,0.1,0.0,0.0,0.1
3100,4.0,0.0,0,st,0.0,0.0,0.0,0.0,0.0
3100,4.0,0.0,0,st,0.5,0.0,0.0,0.0,0.0
3100,4.0,0.0,0,st,0.75,0.0,0.0,0.0,0.0
3100,4.0,0.0,0,st,1.0,0.0,0.0,0.0,0.0
3100,4.5,0.0,0,st,-5.0,0.4,0.0,0.0,0.4
3100,4.5,0.0,0,st,-4.0,0.4,0.0,0.0,0.4
3100,4.5,0.0,0,st,-3.0,0.4,0.0,0.0,0.4
3100,4.5,0.0,0,st,-2.5,0.4,0.0,0.0,0.4
3100,4.5,0.0,0,st,-2.0,0.4,0.0,0.0,0.4
3100,4.5,0.0,0,st,-1.5,0.4,0.0,0.0,0.4
3100,4.5,0.0,0,st,-1.0,0.4,0.0,0.0,0.4
3100,4.5,0.0,0,st,-0.75,0.3,0.0,0.0,0.3
3100,4.5,0.0,0,st,-0.5,0.2,0.0,0.0,0.2
3100,4.5,0.0,0,st,-0.25,0.1,0.0,0.0,0.1
3100,4.5,0.0,0,st,0.0,0.0,0.0,0.0,0.0
3100,4.5,0.0,0,st,0.5,0.0,0.0,0.0,0.0
3100,4.5,0.0,0,st,0.75,0.0,0.0,0.0,0.0
3100,4.5,0.0,0,st,1.0,0.0,0.0,0.0,0.0
3100,5.0,0.0,0,st,-5.0,0.4,0.0,0.0,0.4
3100,5.0,0.0,0,st,-2.5,0.4,0.0,0.0,0.4
3100,5.0,0.0,0,st,-2.0,0.4,0.0,0.0,0.4
3100,5.0,0.0,0,st,-1.5,0.4,0.0,0.0,0.4
3100,5.0,0.0,0,st,-1.0,0.4,0.0,0.0,0.4
3100,5.0,0.0,0,st,-0.75,0.3,0.0,0.0,0.3
3100,5.0,0.0,0,st,-0.5,0.2,0.0,0.0,0.2
3100,5.0,0.0,0,st,-0.25,0.1,0.0,0.0,0.1
3100,5.0,0.0,0,st,0.0,0.0,0.0,0.0,0.0
3100,5.0,0.0,0,st,0.5,0.0,0.0,0.0,0.0
3100,5.0,0.0,0,st,0.75,0.0,0.0,0.0,0.0
3100,5.0,0.0,0,st,1.0,0.0,0.0,0.0,0.0
3100,5.5,0.0,0,st,-1.5,0.4,0.0,0.0,0.4
3100,5.5,0.0,0,st,-1.0,0.4,0.0,0.0,0.4
3100,5.5,0.0,0,st,-0.75,0.3,0.0,0.0,0.3
3100,5.5,0.0,0,st,-0.5,0.2,0.0,0.0,0.2
3100,5.5,0.0,0,st,-0.25,0.1,0.0,0.0,0.1
3100,5.5,0.0,0,st,0.0,0.0,0.0,0.0,0.0
3100,5.5,0.0,0,st,0.5,0.0,0.0,0.0,0.0
3100,5.5,0.0,0,st,0.75,0.0,0.0,0.0,0.0
3100,5.5,0.0,0,st,1.0,0.0,0.0,0.0,0.0
3200,3.0,0.0,0,st,-5.0,0.4,0.0,0.0,0.4
3200,3.0,0.0,0,st,-3.0,0.4,0.0,0.0,0.4
3200,3.0,0.0,0,st,-2.5,0.4,0.0,0.0,0.4
3200,3.0,0.0,0,st,-2.0,0.4,0.0,0.0,0.4
3200,3.0,0.0,0,st,-1.5,0.4,0.0,0.0,0.4
3200,3.0,0.0,0,st,-1.0,0.4,0.0,0.0,0.4
3200,3.0,0.0,0,st,-0.75,0.3,0.0,0.0,0.3
3200,3.0,0.0,0,st,-0.5,0.2,0.0,0.0,0.2
3200,3.0,0.0,0,st,-0.25,0.1,0.0,0.0,0.1
3200,3.0,0.0,0,st,0.0,0.0,0.0,0.0,0.0
3200,3.0,0.0,0,st,0.25,0.0,0.0,0.0,0.0
3200,3.0,0.0,0,st,0.5,0.0,0.0,0.0,0.0
3200,3.0,0.0,0,st,0.75,0.0,0.0,0.0,0.0
3200,3.0,0.0,0,st,1.0,0.0,0.0,0.0,0.0
3200,3.5,0.0,0,st,-5.0,0.4,0.0,0.0,0.4
3200,3.5,0.0,0,st,-4.0,0.4,0.0,0.0,0.4
3200,3.5,0.0,0,st,-3.0,0.4,0.0,0.0,0.4
3200,3.5,0.0,0,st,-2.5,0.4,0.0,0.0,0.4
3200,3.5,0.0,0,st,-2.0,0.4,0.0,0.0,0.4
3200,3.5,0.0,0,st,-1.5,0.4,0.0,0.0,0.4
3200,3.5,0.0,0,st,-1.0,0.4,0.0,0.0,0.4
3200,3.5,0.0,0,st,-0.75,0.3,0.0,0.0,0.3
3200,3.5,0.0,0,st,-0.5,0.2,0.0,0.0,0.2
3200,3.5,0.0,0,st,-0.25,0.1,0.0,0.0,0.1
3200,3.5,0.0,0,st,0.0,0.0,0.0,0.0,0.0
3200,3.5,0.0,0,st,0.5,0.0,0.0,0.0,0.0
3200,3.5,0.0,0,st,0.75,0.0,0.0,0.0,0.0
3200,3.5,0.0,0,st,1.0,0.0,0.0,0.0,0.0
3200,4.0,0.0,0,st,-5.0,0.4,0.0,0.0,0.4
3200,4.0,0.0,0,st,-2.5,0.4,0.0,0.0,0.4
3200,4.0,0.0,0,st,-2.0,0.4,0.0,0.0,0.4
3200,4.0,0.0,0,st,-1.5,0.4,0.0,0.0,0.4
3200,4.0,0.0,0,st,-1.0,0.4,0.0,0.0,0.4
3200,4.0,0.0,0,st,-0.75,0.3,0.0,0.0,0.3
3200,4.0,0.0,0,st,-0.5,0.2,0.0,0.0,0.2
3200,4.0,0.0,0,st,-0.25,0.1,0.0,0.0,0.1
3200,4.0,0.0,0,st,0.0,0.0,0.0,0.0,0.0
3200,4.0,0.0,0,st,0.5,0.0,0.0,0.0,0.0
3200,4.0,0.0,0,st,0.75,0.0,0.0,0.0,0.0
3200,4.0,0.0,0,st,1.0,0.0,0.0,0.0,0.0
3200,4.5,0.0,0,st,-5.0,0.4,0.0,0.0,0.4
3200,4.5,0.0,0,st,-4.0,0.4,0.0,0.0,0.4
3200,4.5,0.0,0,st,-2.5,0.4,0.0,0.0,0.4
3200,4.5,0.0,0,st,-2.0,0.4,0.0,0.0,0.4
3200,4.5,0.0,0,st,-1.5,0.4,0.0,0.0,0.4
3200,4.5,0.0,0,st,-1.0,0.4,0.0,0.0,0.4
3200,4.5,0.0,0,st,-0.75,0.3,0.0,0.0,0.3
3200,4.5,0.0,0,st,-0.5,0.2,0.0,0.0,0.2
3200,4.5,0.0,0,st,-0.25,0.1,0.0,0.0,0.1
3200,4.5,0.0,0,st,0.0,0.0,0.0,0.0,0.0
3200,4.5,0.0,0,st,0.5,0.0,0.0,0.0,0.0
3200,4.5,0.0,0,st,0.75,0.0,0.0,0.0,0.0
3200,4.5,0.0,0,st,1.0,0.0,0.0,0.0,0.0
3200,5.0,0.0,0,st,-5.0,0.4,0.0,0.0,0.4
3200,5.0,0.0,0,st,-2.5,0.4,0.0,0.0,0.4
3200,5.0,0.0,0,st,-2.0,0.4,0.0,0.0,0.4
3200,5.0,0.0,0,st,-1.5,0.4,0.0,0.0,0.4
3200,5.0,0.0,0,st,-1.0,0.4,0.0,0.0,0.4
3200,5.0,0.0,0,st,-0.75,0.3,0.0,0.0,0.3
3200,5.0,0.0,0,st,-0.5,0.2,0.0,0.0,0.2
3200,5.0,0.0,0,st,-0.25,0.1,0.0,0.0,0.1
3200,5.0,0.0,0,st,0.0,0.0,0.0,0.0,0.0
3200,5.0,0.0,0,st,0.5,0.0,0.0,0.0,0.0
3200,5.0,0.0,0,st,0.75,0.0,0.0,0.0,0.0
3200,5.0,0.0,0,st,1.0,0.0,0.0,0.0,0.0
3200,5.5,0.0,0,st,-2.0,0.4,0.0,0.0,0.4
3200,5.5,0.0,0,st,-1.5,0.4,0.0,0.0,0.4
3200,5.5,0.0,0,st,-1.0,0.4,0.0,0.0,0.4
3200,5.5,0.0,0,st,-0.75,0.3,0.0,0.0,0.3
3200,5.5,0.0,0,st,-0.5,0.2,0.0,0.0,0.2
3200,5.5,0.0,0,st,0.0,0.0,0.0,0.0,0.0
3200,5.5,0.0,0,st,0.5,0.0,0.0,0.0,0.0
3200,5.5,0.0,0,st,0.75,0.0,0.0,0.0,0.0
3200,5.5,0.0,0,st,1.0,0.0,0.0,0.0,0.0
3300,3.0,0.0,0,st,-5.0,0.4,0.0,0.0,0.4
3300,3.0,0.0,0,st,-4.0,0.4,0.0,0.0,0.4
3300,3.0,0.0,0,st,-3.0,0.4,0.0,0.0,0.4
3300,3.0,0.0,0,st,-2.5,0.4,0.0,0.0,0.4
3300,3.0,0.0,0,st,-2.0,0.4,0.0,0.0,0.4
3300,3.0,0.0,0,st,-1.5,0.4,0.0,0.0,0.4
3300,3.0,0.0,0,st,-1.0,0.4,0.0,0.0,0.4
3300,3.0,0.0,0,st,-0.75,0.3,0.0,0.0,0.3
3300,3.0,0.0,0,st,-0.5,0.2,0.0,0.0,0.2
3300,3.0,0.0,0,st,-0.25,0.1,0.0,0.0,0.1
3300,3.0,0.0,0,st,0.0,0.0,0.0,0.0,0.0
3300,3.0,0.0,0,st,0.75,0.0,0.0,0.0,0.0
3300,3.0,0.0,0,st,1.0,0.0,0.0,0.0,0.0
3300,3.5,0.0,0,st,-5.0,0.4,0.0,0.0,0.4
3300,3.5,0.0,0,st,-3.0,0.4,0.0,0.0,0.4
3300,3.5,0.0,0,st,-2.5,0.4,0.0,0.0,0.4
3300,3.5,0.0,0,st,-2.0,0.4,0.0,0.0,0.4
3300,3.5,0.0,0,st,-1.5,0.4,0.0,0.0,0.4
3300,3.5,0.0,0,st,-1.0,0.4,0.0,0.0,0.4
3300,3.5,0.0,0,st,-0.75,0.3,0.0,0.0,0.3
3300,3.5,0.0,0,st,-0.5,0.2,0.0,0.0,0.2
3300,3.5,0.0,0,st,-0.25,0.1,0.0,0.0,0.1
3300,3.5,0.0,0,st,0.0,0.0,0.0,0.0,0.0
3300,3.5,0.0,0,st,0.75,0.0,0.0,0.0,0.0
3300,4.0,0.0,0,st,-5.0,0.4,0.0,0.0,0.4
3300,4.0,0.0,0,st,-3.0,0.4,0.0,0.0,0.4
3300,4.0,0.0,0,st,-2.5,0.4,0.0,0.0,0.4
3300,4.0,0.0,0,st,-2.0,0.4,0.0,0.0,0.4
3300,4.0,0.0,0,st,-1.5,0.4,0.0,0.0,0.4
3300,4.0,0.0,0,st,-1.0,0.4,0.0,0.0,0.4
3300,4.0,0.0,0,st,-0.75,0.3,0.0,0.0,0.3
3300,4.0,0.0,0,st,-0.5,0.2,0.0,0.0,0.2
3300,4.0,0.0,0,st,-0.25,0.1,0.0,0.0,0.1
3300,4.0,0.0,0,st,0.0,0.0,0.0,0.0,0.0
3300,4.0,0.0,0,st,0.5,0.0,0.0,0.0,0.0
3300,4.0,0.0,0,st,0.75,0.0,0.0,0.0,0.0
3300,4.5,0.0,0,st,-5.0,0.4,0.0,0.0,0.4
3300,4.5,0.0,0,st,-3.0,0.4,0.0,0.0,0.4
3300,4.5,0.0,0,st,-2.5,0.4,0.0,0.0,0.4
3300,4.5,0.0,0,st,-2.0,0.4,0.0,0.0,0.4
3300,4.5,0.0,0,st,-1.5,0.4,0.0,0.0,0.4
3300,4.5,0.0,0,st,-1.0,0.4,0.0,0.0,0.4
3300,4.5,0.0,0,st,-0.75,0.3,0.0,0.0,0.3
3300,4.5,0.0,0,st,-0.5,0.2,0.0,0.0,0.2
3300,4.5,0.0,0,st,-0.25,0.1,0.0,0.0,0.1
3300,4.5,0.0,0,st,0.0,0.0,0.0,0.0,0.0
3300,4.5,0.0,0,st,0.5,0.0,0.0,0.0,0.0
3300,4.5,0.0,0,st,0.75,0.0,0.0,0.0,0.0
3300,5.0,0.0,0,st,-5.0,0.4,0.0,0.0,0.4
3300,5.0,0.0,0,st,-3.0,0.4,0.0,0.0,0.4
3300,5.0,0.0,0,st,-2.5,0.4,0.0,0.0,0.4
3300,5.0,0.0,0,st,-2.0,0.4,0.0,0.0,0.4
3300,5.0,0.0,0,st,-1.5,0.4,0.0,0.0,0.4
3300,5.0,0.0,0,st,-1.0,0.4,0.0,0.0,0.4
3300,5.0,0.0,0,st,-0.75,0.3,0.0,0.0,0.3
3300,5.0,0.0,0,st,-0.5,0.2,0.0,0.0,0.2
3300,5.0,0.0,0,st,-0.25,0.1,0.0,0.0,0.1
3300,5.0,0.0,0,st,0.0,0.0,0.0,0.0,0.0
3300,5.0,0.0,0,st,0.5,0.0,0.0,0.0,0.0
3300,5.0,0.0,0,st,0.75,0.0,0.0,0.0,0.0
3300,5.0,0.0,0,st,1.0,0.0,0.0,0.0,0.0
3300,5.5,0.0,0,st,-2.0,0.4,0.0,0.0,0.4
3300,5.5,0.0,0,st,-1.5,0.4,0.0,0.0,0.4
3300,5.5,0.0,0,st,-1.0,0.4,0.0,0.0,0.4
3300,5.5,0.0,0,st,-0.75,0.3,0.0,0.0,0.3
3300,5.5,0.0,0,st,-0.5,0.2,0.0,0.0,0.2
3300,5.5,0.0,0,st,-0.25,0.1,0.0,0.0,0.1
3300,5.5,0.0,0,st,0.0,0.0,0.0,0.0,0.0
3300,5.5,0.0,0,st,0.5,0.0,0.0,0.0,0.0
3300,5.5,0.0,0,st,0.75,0.0,0.0,0.0,0.0
3300,5.5,0.0,0,st,1.0,0.0,0.0,0.0,0.0
3400,3.0,0.0,0,st,-5.0,0.4,0.0,0.0,0.4
3400,3.0,0.0,0,st,-4.0,0.4,0.0,0.0,0.4
3400,3.0,0.0,0,st,-3.0,0.4,0.0,0.0,0.4
3400,3.0,0.0,0,st,-2.5,0.4,0.0,0.0,0.4
3400,3.0,0.0,0,st,-2.0,0.4,0.0,0.0,0.4
3400,3.0,0.0,0,st,-1.5,0.4,0.0,0.0,0.4
3400,3.0,0.0,0,st,-1.0,0.4,0.0,0.0,0.4
3400,3.0,0.0,0,st,-0.75,0.3,0.0,0.0,0.3
3400,3.0,0.0,0,st,-0.5,0.2,0.0,0.0,0.2
3400,3.0,0.0,0,st,-0.25,0.1,0.0,0.0,0.1
3400,3.0,0.0,0,st,0.0,0.0,0.0,0.0,0.0
3400,3.0,0.0,0,st,0.25,0.0,0.0,0.0,0.0
3400,3.0,0.0,0,st,0.5,0.0,0.0,0.0,0.0
3400,3.0,0.0,0,st,0.75,0.0,0.0,0.0,0.0
3400,3.0,0.0,0,st,1.0,0.0,0.0,0.0,0.0
3400,3.5,0.0,0,st,-5.0,0.4,0.0,0.0,0.4
3400,3.5,0.0,0,st,-3.0,0.4,0.0,0.0,0.4
3400,3.5,0.0,0,st,-2.5,0.4,0.0,0.0,0.4
3400,3.5,0.0,0,st,-2.0,0.4,0.0,0.0,0.4
3400,3.5,0.0,0,st,-1.5,0.4,0.0,0.0,0.4
3400,3.5,0.0,0,st,-1.0,0.4,0.0,0.0,0.4
3400,3.5,0.0,0,st,-0.75,0.3,0.0,0.0,0.3
3400,3.5,0.0,0,st,-0.5,0.2,0.0,0.0,0.2
3400,3.5,0.0,0,st,-0.25,0.1,0.0,0.0,0.1
3400,3.5,0.0,0,st,0.0,0.0,0.0,0.0,0.0
3400,3.5,0.0,0,st,0.5,0.0,0.0,0.0,0.0
3400,3.5,0.0,0,st,0.75,0.0,0.0,0.0,0.0
3400,3.5,0.0,0,st,1.0,0.0,0.0,0.0,0.0
3400,4.0,0.0,0,st,-5.0,0.4,0.0,0.0,0.4
3400,4.0,0.0,0,st,-3.0,0.4,0.0,0.0,0.4
3400,4.0,0.0,0,st,-2.5,0.4,0.0,0.0,0.4
3400,4.0,0.0,0,st,-2.0,0.4,0.0,0.0,0.4
3400,4.0,0.0,0,st,-1.5,0.4,0.0,0.0,0.4
3400,4.0,0.0,0,st,-1.0,0.4,0.0,0.0,0.4
3400,4.0,0.0,0,st,-0.75,0.3,0.0,0.0,0.3
3400,4.0,0.0,0,st,-0.5,0.2,0.0,0.0,0.2
3400,4.0,0.0,0,st,-0.25,0.1,0.0,0.0,0.1
3400,4.0,0.0,0,st,0.0,0.0,0.0,0.0,0.0
3400,4.0,0.0,0,st,0.5,0.0,0.0,0.0,0.0
3400,4.0,0.0,0,st,0.75,0.0,0.0,0.0,0.0
3400,4.0,0.0,0,st,1.0,0.0,0.0,0.0,0.0
3400,4.5,0.0,0,st,-5.0,0.4,0.0,0.0,0.4
3400,4.5,0.0,0,st,-3.0,0.4,0.0,0.0,0.4
3400,4.5,0.0,0,st,-2.5,0.4,0.0,0.0,0.4
3400,4.5,0.0,0,st,-2.0,0.4,0.0,0.0,0.4
3400,4.5,0.0,0,st,-1.5,0.4,0.0,0.0,0.4
3400,4.5,0.0,0,st,-1.0,0.4,0.0,0.0,0.4
3400,4.5,0.0,0,st,-0.75,0.3,0.0,0.0,0.3
3400,4.5,0.0,0,st,-0.5,0.2,0.0,0.0,0.2
3400,4.5,0.0,0,st,-0.25,0.1,0.0,0.0,0.1
3400,4.5,0.0,0,st,0.0,0.0,0.0,0.0,0.0
3400,4.5,0.0,0,st,0.5,0.0,0.0,0.0,0.0
3400,4.5,0.0,0,st,0.75,0.0,0.0,0.0,0.0
3400,4.5,0.0,0,st,1.0,0.0,0.0,0.0,0.0
3400,5.0,0.0,0,st,-5.0,0.4,0.0,0.0,0.4
3400,5.0,0.0,0,st,-3.0,0.4,0.0,0.0,0.4
3400,5.0,0.0,0,st,-2.5,0.4,0.0,0.0,0.4
3400,5.0,0.0,0,st,-2.0,0.4,0.0,0.0,0.4
3400,5.0,0.0,0,st,-1.5,0.4,0.0,0.0,0.4
3400,5.0,0.0,0,st,-1.0,0.4,0.0,0.0,0.4
3400,5.0,0.0,0,st,-0.75,0.3,0.0,0.0,0.3
3400,5.0,0.0,0,st,-0.5,0.2,0.0,0.0,0.2
3400,5.0,0.0,0,st,-0.25,0.1,0.0,0.0,0.1
3400,5.0,0.0,0,st,0.0,0.0,0.0,0.0,0.0
3400,5.0,0.0,0,st,0.5,0.0,0.0,0.0,0.0
3400,5.0,0.0,0,st,0.75,0.0,0.0,0.0,0.0
3400,5.0,0.0,0,st,1.0,0.0,0.0,0.0,0.0
3400,5.5,0.0,0,st,-2.0,0.4,0.0,0.0,0.4
3400,5.5,0.0,0,st,-1.5,0.4,0.0,0.0,0.4
3400,5.5,0.0,0,st,-1.0,0.4,0.0,0.0,0.4
3400,5.5,0.0,0,st,-0.75,0.3,0.0,0.0,0.3
3400,5.5,0.0,0,st,-0.5,0.2,0.0,0.0,0.2
3400,5.5,0.0,0,st,-0.25,0.1,0.0,0.0,0.1
3400,5.5,0.0,0,st,0.0,0.0,0.0,0.0,0.0
3400,5.5,0.0,0,st,0.5,0.0,0.0,0.0,0.0
3400,5.5,0.0,0,st,0.75,0.0,0.0,0.0,0.0
3400,5.5,0.0,0,st,1.0,0.0,0.0,0.0,0.0
3500,3.0,0.0,0,st,-5.0,0.4,0.0,0.0,0.4
3500,3.0,0.0,0,st,-4.0,0.4,0.0,0.0,0.4
3500,3.0,0.0,0,st,-3.0,0.4,0.0,0.0,0.4
3500,3.0,0.0,0,st,-2.5,0.4,0.0,0.0,0.4
3500,3.0,0.0,0,st,-1.0,0.4,0.0,0.0,0.4
3500,3.0,0.0,0,st,-0.75,0.3,0.0,0.0,0.3
3500,3.0,0.0,0,st,-0.5,0.2,0.0,0.0,0.2
3500,3.0,0.0,0,st,-0.25,0.1,0.0,0.0,0.1
3500,3.0,0.0,0,st,0.0,0.0,0.0,0.0,0.0
3500,3.0,0.0,0,st,0.25,0.0,0.0,0.0,0.0
3500,3.0,0.0,0,st,0.5,0.0,0.0,0.0,0.0
3500,3.0,0.0,0,st,0.75,0.0,0.0,0.0,0.0
3500,3.0,0.0,0,st,1.0,0.0,0.0,0.0,0.0
3500,3.5,0.0,0,st,-5.0,0.4,0.0,0.0,0.4
3500,3.5,0.0,0,st,-3.0,0.4,0.0,0.0,0.4
3500,3.5,0.0,0,st,-2.5,0.4,0.0,0.0,0.4
3500,3.5,0.0,0,st,-2.0,0.4,0.0,0.0,0.4
3500,3.5,0.0,0,st,-1.5,0.4,0.0,0.0,0.4
3500,3.5,0.0,0,st,-1.0,0.4,0.0,0.0,0.4
3500,3.5,0.0,0,st,-0.75,0.3,0.0,0.0,0.3
3500,3.5,0.0,0,st,-0.5,0.2,0.0,0.0,0.2
3500,3.5,0.0,0,st,-0.25,0.1,0.0,0.0,0.1
3500,3.5,0.0,0,st,0.0,0.0,0.0,0.0,0.0
3500,3.5,0.0,0,st,0.5,0.0,0.0,0.0,0.0
3500,3.5,0.0,0,st,0.75,0.0,0.0,0.0,0.0
3500,3.5,0.0,0,st,1.0,0.0,0.0,0.0,0.0
3500,4.0,0.0,0,st,-5.0,0.4,0.0,0.0,0.4
3500,4.0,0.0,0,st,-3.0,0.4,0.0,0.0,0.4
3500,4.0,0.0,0,st,-2.5,0.4,0.0,0.0,0.4
3500,4.0,0.0,0,st,-2.0,0.4,0.0,0.0,0.4
3500,4.0,0.0,0,st,-1.5,0.4,0.0,0.0,0.4
3500,4.0,0.0,0,st,-1.0,0.4,0.0,0.0,0.4
3500,4.0,0.0,0,st,-0.75,0.3,0.0,0.0,0.3
3500,4.0,0.0,0,st,-0.5,0.2,0.0,0.0,0.2
3500,4.0,0.0,0,st,-0.25,0.1,0.0,0.0,0.1
3500,4.0,0.0,0,st,0.0,0.0,0.0,0.0,0.0
3500,4.0,0.0,0,st,0.5,0.0,0.0,0.0,0.0
3500,4.0,0.0,0,st,0.75,0.0,0.0,0.0,0.0
3500,4.0,0.0,0,st,1.0,0.0,0.0,0.0,0.0
3500,4.5,0.0,0,st,-5.0,0.4,0.0,0.0,0.4
3500,4.5,0.0,0,st,-3.0,0.4,0.0,0.0,0.4
3500,4.5,0.0,0,st,-2.5,0.4,0.0,0.0,0.4
3500,4.5,0.0,0,st,-2.0,0.4,0.0,0.0,0.4
3500,4.5,0.0,0,st,-1.5,0.4,0.0,0.0,0.4
3500,4.5,0.0,0,st,-1.0,0.4,0.0,0.0,0.4
3500,4.5,0.0,0,st,-0.75,0.3,0.0,0.0,0.3
3500,4.5,0.0,0,st,-0.5,0.2,0.0,0.0,0.2
3500,4.5,0.0,0,st,-0.25,0.1,0.0,0.0,0.1
3500,4.5,0.0,0,st,0.0,0.0,0.0,0.0,0.0
3500,4.5,0.0,0,st,0.5,0.0,0.0,0.0,0.0
3500,4.5,0.0,0,st,0.75,0.0,0.0,0.0,0.0
3500,4.5,0.0,0,st,1.0,0.0,0.0,0.0,0.0
3500,5.0,0.0,0,st,-5.0,0.4,0.0,0.0,0.4
3500,5.0,0.0,0,st,-3.0,0.4,0.0,0.0,0.4
3500,5.0,0.0,0,st,-2.5,0.4,0.0,0.0,0.4
3500,5.0,0.0,0,st,-2.0,0.4,0.0,0.0,0.4
3500,5.0,0.0,0,st,-1.5,0.4,0.0,0.0,0.4
3500,5.0,0.0,0,st,-1.0,0.4,0.0,0.0,0.4
3500,5.0,0.0,0,st,-0.75,0.3,0.0,0.0,0.3
3500,5.0,0.0,0,st,-0.5,0.2,0.0,0.0,0.2
3500,5.0,0.0,0,st,-0.25,0.1,0.0,0.0,0.1
3500,5.0,0.0,0,st,0.0,0.0,0.0,0.0,0.0
3500,5.0,0.0,0,st,0.5,0.0,0.0,0.0,0.0
3500,5.0,0.0,0,st,0.75,0.0,0.0,0.0,0.0
3500,5.0,0.0,0,st,1.0,0.0,0.0,0.0,0.0
3500,5.5,0.0,0,st,-3.0,0.4,0.0,0.0,0.4
3500,5.5,0.0,0,st,-2.0,0.4,0.0,0.0,0.4
3500,5.5,0.0,0,st,-1.5,0.4,0.0,0.0,0.4
3500,5.5,0.0,0,st,-1.0,0.4,0.0,0.0,0.4
3500,5.5,0.0,0,st,-0.75,0.3,0.0,0.0,0.3
3500,5.5,0.0,0,st,-0.5,0.2,0.0,0.0,0.2
3500,5.5,0.0,0,st,-0.25,0.1,0.0,0.0,0.1
3500,5.5,0.0,0,st,0.0,0.0,0.0,0.0,0.0
3500,5.5,0.0,0,st,0.5,0.0,0.0,0.0,0.0
3500,5.5,0.0,0,st,0.75,0.0,0.0,0.0,0.0
3500,5.5,0.0,0,st,1.0,0.0,0.0,0.0,0.0
3600,3.0,0.0,0,st,-3.0,0.4,0.0,0.0,0.4
3600,3.0,0.0,0,st,-2.5,0.4,0.0,0.0,0.4
3600,3.0,0.0,0,st,-2.0,0.4,0.0,0.0,0.4
3600,3.0,0.0,0,st,-1.5,0.4,0.0,0.0,0.4
3600,3.0,0.0,0,st,-1.0,0.4,0.0,0.0,0.4
3600,3.0,0.0,0,st,-0.75,0.3,0.0,0.0,0.3
3600,3.0,0.0,0,st,-0.5,0.2,0.0,0.0,0.2
3600,3.0,0.0,0,st,-0.25,0.1,0.0,0.0,0.1
3600,3.0,0.0,0,st,0.0,0.0,0.0,0.0,0.0
3600,3.0,0.0,0,st,0.25,0.0,0.0,0.0,0.0
3600,3.0,0.0,0,st,0.5,0.0,0.0,0.0,0.0
3600,3.0,0.0,0,st,0.75,0.0,0.0,0.0,0.0
3600,3.0,0.0,0,st,1.0,0.0,0.0,0.0,0.0
3600,3.5,0.0,0,st,-5.0,0.4,0.0,0.0,0.4
3600,3.5,0.0,0,st,-3.0,0.4,0.0,0.0,0.4
3600,3.5,0.0,0,st,-2.5,0.4,0.0,0.0,0.4
3600,3.5,0.0,0,st,-2.0,0.4,0.0,0.0,0.4
3600,3.5,0.0,0,st,-1.5,0.4,0.0,0.0,0.4
3600,3.5,0.0,0,st,-1.0,0.4,0.0,0.0,0.4
3600,3.5,0.0,0,st,-0.75,0.3,0.0,0.0,0.3
3600,3.5,0.0,0,st,-0.5,0.2,0.0,0.0,0.2
3600,3.5,0.0,0,st,-0.25,0.1,0.0,0.0,0.1
3600,3.5,0.0,0,st,0.0,0.0,0.0,0.0,0.0
3600,3.5,0.0,0,st,0.5,0.0,0.0,0.0,0.0
3600,3.5,0.0,0,st,0.75,0.0,0.0,0.0,0.0
3600,3.5,0.0,0,st,1.0,0.0,0.0,0.0,0.0
3600,4.0,0.0,0,st,-5.0,0.4,0.0,0.0,0.4
3600,4.0,0.0,0,st,-3.0,0.4,0.0,0.0,0.4
3600,4.0,0.0,0,st,-2.5,0.4,0.0,0.0,0.4
3600,4.0,0.0,0,st,-2.0,0.4,0.0,0.0,0.4
3600,4.0,0.0,0,st,-1.5,0.4,0.0,0.0,0.4
3600,4.0,0.0,0,st,-1.0,0.4,0.0,0.0,0.4
3600,4.0,0.0,0,st,-0.75,0.3,0.0,0.0,0.3
3600,4.0,0.0,0,st,-0.5,0.2,0.0,0.0,0.2
3600,4.0,0.0,0,st,-0.25,0.1,0.0,0.0,0.1
3600,4.0,0.0,0,st,0.0,0.0,0.0,0.0,0.0
3600,4.0,0.0,0,st,0.5,0.0,0.0,0.0,0.0
3600,4.0,0.0,0,st,0.75,0.0,0.0,0.0,0.0
3600,4.0,0.0,0,st,1.0,0.0,0.0,0.0,0.0
3600,4.5,0.0,0,st,-5.0,0.4,0.0,0.0,0.4
3600,4.5,0.0,0,st,-3.0,0.4,0.0,0.0,0.4
3600,4.5,0.0,0,st,-2.5,0.4,0.0,0.0,0.4
3600,4.5,0.0,0,st,-2.0,0.4,0.0,0.0,0.4
3600,4.5,0.0,0,st,-1.5,0.4,0.0,0.0,0.4
3600,4.5,0.0,0,st,-1.0,0.4,0.0,0.0,0.4
3600,4.5,0.0,0,st,-0.75,0.3,0.0,0.0,0.3
3600,4.5,0.0,0,st,-0.5,0.2,0.0,0.0,0.2
3600,4.5,0.0,0,st,-0.25,0.1,0.0,0.0,0.1
3600,4.5,0.0,0,st,0.0,0.0,0.0,0.0,0.0
3600,4.5,0.0,0,st,1.0,0.0,0.0,0.0,0.0
3600,5.0,0.0,0,st,-3.0,0.4,0.0,0.0,0.4
3600,5.0,0.0,0,st,-2.5,0.4,0.0,0.0,0.4
3600,5.0,0.0,0,st,-2.0,0.4,0.0,0.0,0.4
3600,5.0,0.0,0,st,-1.5,0.4,0.0,0.0,0.4
3600,5.0,0.0,0,st,-1.0,0.4,0.0,0.0,0.4
3600,5.0,0.0,0,st,-0.75,0.3,0.0,0.0,0.3
3600,5.0,0.0,0,st,-0.5,0.2,0.0,0.0,0.2
3600,5.0,0.0,0,st,-0.25,0.1,0.0,0.0,0.1
3600,5.0,0.0,0,st,0.0,0.0,0.0,0.0,0.0
3600,5.0,0.0,0,st,0.5,0.0,0.0,0.0,0.0
3600,5.0,0.0,0,st,0.75,0.0,0.0,0.0,0.0
3600,5.0,0.0,0,st,1.0,0.0,0.0,0.0,0.0
3600,5.5,0.0,0,st,-3.0,0.4,0.0,0.0,0.4
3600,5.5,0.0,0,st,-2.0,0.4,0.0,0.0,0.4
3600,5.5,0.0,0,st,-1.5,0.4,0.0,0.0,0.4
3600,5.5,0.0,0,st,-1.0,0.4,0.0,0.0,0.4
3600,5.5,0.0,0,st,-0.75,0.3,0.0,0.0,0.3
3600,5.5,0.0,0,st,-0.5,0.2,0.0,0.0,0.2
3600,5.5,0.0,0,st,-0.25,0.1,0.0,0.0,0.1
3600,5.5,0.0,0,st,0.0,0.0,0.0,0.0,0.0
3600,5.5,0.0,0,st,0.5,0.0,0.0,0.0,0.0
3600,5.5,0.0,0,st,0.75,0.0,0.0,0.0,0.0
3600,5.5,0.0,0,st,1.0,0.0,0.0,0.0,0.0
3700,3.0,0.0,0,st,-4.0,0.4,0.0,0.0,0.4
3700,3.0,0.0,0,st,-3.0,0.4,0.0,0.0,0.4
3700,3.0,0.0,0,st,-2.5,0.4,0.0,0.0,0.4
3700,3.0,0.0,0,st,-2.0,0.4,0.0,0.0,0.4
3700,3.0,0.0,0,st,-1.5,0.4,0.0,0.0,0.4
3700,3.0,0.0,0,st,-1.0,0.4,0.0,0.0,0.4
3700,3.0,0.0,0,st,-0.75,0.3,0.0,0.0,0.3
3700,3.0,0.0,0,st,-0.5,0.2,0.0,0.0,0.2
3700,3.0,0.0,0,st,-0.25,0.1,0.0,0.0,0.1
3700,3.0,0.0,0,st,0.0,0.0,0.0,0.0,0.0
3700,3.0,0.0,0,st,0.25,0.0,0.0,0.0,0.0
3700,3.0,0.0,0,st,0.5,0.0,0.0,0.0,0.0
3700,3.0,0.0,0,st,0.75,0.0,0.0,0.0,0.0
3700,3.0,0.0,0,st,1.0,0.0,0.0,0.0,0.0
3700,3.5,0.0,0,st,-3.0,0.4,0.0,0.0,0.4
3700,3.5,0.0,0,st,-2.5,0.4,0.0,0.0,0.4
3700,3.5,0.0,0,st,-2.0,0.4,0.0,0.0,0.4
3700,3.5,0.0,0,st,-1.5,0.4,0.0,0.0,0.4
3700,3.5,0.0,0,st,-1.0,0.4,0.0,0.0,0.4
3700,3.5,0.0,0,st,-0.75,0.3,0.0,0.0,0.3
3700,3.5,0.0,0,st,-0.5,0.2,0.0,0.0,0.2
3700,3.5,0.0,0,st,-0.25,0.1,0.0,0.0,0.1
3700,3.5,0.0,0,st,0.0,0.0,0.0,0.0,0.0
3700,3.5,0.0,0,st,0.25,0.0,0.0,0.0,0.0
3700,3.5,0.0,0,st,0.5,0.0,0.0,0.0,0.0
3700,3.5,0.0,0,st,0.75,0.0,0.0,0.0,0.0
3700,3.5,0.0,0,st,1.0,0.0,0.0,0.0,0.0
3700,4.0,0.0,0,st,-3.0,0.4,0.0,0.0,0.4
3700,4.0,0.0,0,st,-2.5,0.4,0.0,0.0,0.4
3700,4.0,0.0,0,st,-2.0,0.4,0.0,0.0,0.4
3700,4.0,0.0,0,st,-1.5,0.4,0.0,0.0,0.4
3700,4.0,0.0,0,st,-1.0,0.4,0.0,0.0,0.4
3700,4.0,0.0,0,st,-0.75,0.3,0.0,0.0,0.3
3700,4.0,0.0,0,st,-0.5,0.2,0.0,0.0,0.2
3700,4.0,0.0,0,st,-0.25,0.1,0.0,0.0,0.1
3700,4.0,0.0,0,st,0.0,0.0,0.0,0.0,0.0
3700,4.0,0.0,0,st,0.25,0.0,0.0,0.0,0.0
3700,4.0,0.0,0,st,0.5,0.0,0.0,0.0,0.0
3700,4.0,0.0,0,st,0.75,0.0,0.0,0.0,0.0
3700,4.0,0.0,0,st,1.0,0.0,0.0,0.0,0.0
3700,4.5,0.0,0,st,-3.0,0.4,0.0,0.0,0.4
3700,4.5,0.0,0,st,-2.5,0.4,0.0,0.0,0.4
3700,4.5,0.0,0,st,-2.0,0.4,0.0,0.0,0.4
3700,4.5,0.0,0,st,-1.5,0.4,0.0,0.0,0.4
3700,4.5,0.0,0,st,-1.0,0.4,0.0,0.0,0.4
3700,4.5,0.0,0,st,-0.75,0.3,0.0,0.0,0.3
3700,4.5,0.0,0,st,-0.5,0.2,0.0,0.0,0.2
3700,4.5,0.0,0,st,-0.25,0.1,0.0,0.0,0.1
3700,4.5,0.0,0,st,0.0,0.0,0.0,0.0,0.0
3700,4.5,0.0,0,st,0.25,0.0,0.0,0.0,0.0
3700,4.5,0.0,0,st,0.5,0.0,0.0,0.0,0.0
3700,4.5,0.0,0,st,0.75,0.0,0.0,0.0,0.0
3700,4.5,0.0,0,st,1.0,0.0,0.0,0.0,0.0
3700,5.0,0.0,0,st,-3.0,0.4,0.0,0.0,0.4
3700,5.0,0.0,0,st,-2.5,0.4,0.0,0.0,0.4
3700,5.0,0.0,0,st,-2.0,0.4,0.0,0.0,0.4
3700,5.0,0.0,0,st,-1.5,0.4,0.0,0.0,0.4
3700,5.0,0.0,0,st,-1.0,0.4,0.0,0.0,0.4
3700,5.0,0.0,0,st,-0.75,0.3,0.0,0.0,0.3
3700,5.0,0.0,0,st,-0.5,0.2,0.0,0.0,0.2
3700,5.0,0.0,0,st,-0.25,0.1,0.0,0.0,0.1
3700,5.0,0.0,0,st,0.0,0.0,0.0,0.0,0.0
3700,5.0,0.0,0,st,0.5,0.0,0.0,0.0,0.0
3700,5.0,0.0,0,st,0.75,0.0,0.0,0.0,0.0
3700,5.0,0.0,0,st,1.0,0.0,0.0,0.0,0.0
3700,5.5,0.0,0,st,-3.0,0.4,0.0,0.0,0.4
3700,5.5,0.0,0,st,-2.5,0.4,0.0,0.0,0.4
3700,5.5,0.0,0,st,-2.0,0.4,0.0,0.0,0.4
3700,5.5,0.0,0,st,-1.5,0.4,0.0,0.0,0.4
3700,5.5,0.0,0,st,-1.0,0.4,0.0,0.0,0.4
3700,5.5,0.0,0,st,-0.75,0.3,0.0,0.0,0.3
3700,5.5,0.0,0,st,-0.5,0.2,0.0,0.0,0.2
3700,5.5,0.0,0,st,-0.25,0.1,0.0,0.0,0.1
3700,5.5,0.0,0,st,0.0,0.0,0.0,0.0,0.0
3700,5.5,0.0,0,st,0.25,0.0,0.0,0.0,0.0
3700,5.5,0.0,0,st,0.5,0.0,0.0,0.0,0.0
3700,5.5,0.0,0,st,0.75,0.0,0.0,0.0,0.0
3700,5.5,0.0,0,st,1.0,0.0,0.0,0.0,0.0
3800,3.0,0.0,0,st,-3.0,0.4,0.0,0.0,0.4
3800,3.0,0.0,0,st,-2.5,0.4,0.0,0.0,0.4
3800,3.0,0.0,0,st,-2.0,0.4,0.0,0.0,0.4
3800,3.0,0.0,0,st,-1.5,0.4,0.0,0.0,0.4
3800,3.0,0.0,0,st,-1.0,0.4,0.0,0.0,0.4
3800,3.0,0.0,0,st,-0.75,0.3,0.0,0.0,0.3
3800,3.0,0.0,0,st,-0.5,0.2,0.0,0.0,0.2
3800,3.0,0.0,0,st,-0.25,0.1,0.0,0.0,0.1
3800,3.0,0.0,0,st,0.0,0.0,0.0,0.0,0.0
3800,3.0,0.0,0,st,0.25,0.0,0.0,0.0,0.0
3800,3.0,0.0,0,st,0.5,0.0,0.0,0.0,0.0
3800,3.0,0.0,0,st,0.75,0.0,0.0,0.0,0.0
3800,3.0,0.0,0,st,1.0,0.0,0.0,0.0,0.0
3800,3.5,0.0,0,st,-4.0,0.4,0.0,0.0,0.4
3800,3.5,0.0,0,st,-3.0,0.4,0.0,0.0,0.4
3800,3.5,0.0,0,st,-2.5,0.4,0.0,0.0,0.4
3800,3.5,0.0,0,st,-2.0,0.4,0.0,0.0,0.4
3800,3.5,0.0,0,st,-1.5,0.4,0.0,0.0,0.4
3800,3.5,0.0,0,st,-1.0,0.4,0.0,0.0,0.4
3800,3.5,0.0,0,st,-0.75,0.3,0.0,0.0,0.3
3800,3.5,0.0,0,st,-0.5,0.2,0.0,0.0,0.2
3800,3.5,0.0,0,st,-0.25,0.1,0.0,0.0,0.1
3800,3.5,0.0,0,st,0.0,0.0,0.0,0.0,0.0
3800,3.5,0.0,0,st,0.25,0.0,0.0,0.0,0.0
3800,3.5,0.0,0,st,0.5,0.0,0.0,0.0,0.0
3800,3.5,0.0,0,st,0.75,0.0,0.0,0.0,0.0
3800,3.5,0.0,0,st,1.0,0.0,0.0,0.0,0.0
3800,4.0,0.0,0,st,-3.0,0.4,0.0,0.0,0.4
3800,4.0,0.0,0,st,-2.5,0.4,0.0,0.0,0.4
3800,4.0,0.0,0,st,-2.0,0.4,0.0,0.0,0.4
3800,4.0,0.0,0,st,-1.5,0.4,0.0,0.0,0.4
3800,4.0,0.0,0,st,-1.0,0.4,0.0,0.0,0.4
3800,4.0,0.0,0,st,-0.75,0.3,0.0,0.0,0.3
3800,4.0,0.0,0,st,-0.5,0.2,0.0,0.0,0.2
3800,4.0,0.0,0,st,-0.25,0.1,0.0,0.0,0.1
3800,4.0,0.0,0,st,0.0,0.0,0.0,0.0,0.0
3800,4.0,0.0,0,st,0.25,0.0,0.0,0.0,0.0
3800,4.0,0.0,0,st,0.5,0.0,0.0,0.0,0.0
3800,4.0,0.0,0,st,0.75,0.0,0.0,0.0,0.0
3800,4.0,0.0,0,st,1.0,0.0,0.0,0.0,0.0
3800,4.5,0.0,0,st,-3.0,0.4,0.0,0.0,0.4
3800,4.5,0.0,0,st,-2.5,0.4,0.0,0.0,0.4
3800,4.5,0.0,0,st,-2.0,0.4,0.0,0.0,0.4
3800,4.5,0.0,0,st,-1.5,0.4,0.0,0.0,0.4
3800,4.5,0.0,0,st,-1.0,0.4,0.0,0.0,0.4
3800,4.5,0.0,0,st,-0.75,0.3,0.0,0.0,0.3
3800,4.5,0.0,0,st,-0.5,0.2,0.0,0.0,0.2
3800,4.5,0.0,0,st,-0.25,0.1,0.0,0.0,0.1
3800,4.5,0.0,0,st,0.0,0.0,0.0,0.0,0.0
3800,4.5,0.0,0,st,0.25,0.0,0.0,0.0,0.0
3800,4.5,0.0,0,st,0.5,0.0,0.0,0.0,0.0
3800,4.5,0.0,0,st,0.75,0.0,0.0,0.0,0.0
3800,4.5,0.0,0,st,1.0,0.0,0.0,0.0,0.0
3800,5.0,0.0,0,st,-3.0,0.4,0.0,0.0,0.4
3800,5.0,0.0,0,st,-2.5,0.4,0.0,0.0,0.4
3800,5.0,0.0,0,st,-2.0,0.4,0.0,0.0,0.4
3800,5.0,0.0,0,st,-1.5,0.4,0.0,0.0,0.4
3800,5.0,0.0,0,st,-1.0,0.4,0.0,0.0,0.4
3800,5.0,0.0,0,st,-0.75,0.3,0.0,0.0,0.3
3800,5.0,0.0,0,st,-0.5,0.2,0.0,0.0,0.2
3800,5.0,0.0,0,st,-0.25,0.1,0.0,0.0,0.1
3800,5.0,0.0,0,st,0.0,0.0,0.0,0.0,0.0
3800,5.0,0.0,0,st,0.25,0.0,0.0,0.0,0.0
3800,5.0,0.0,0,st,0.5,0.0,0.0,0.0,0.0
3800,5.0,0.0,0,st,0.75,0.0,0.0,0.0,0.0
3800,5.0,0.0,0,st,1.0,0.0,0.0,0.0,0.0
3800,5.5,0.0,0,st,-3.0,0.4,0.0,0.0,0.4
3800,5.5,0.0,0,st,-2.5,0.4,0.0,0.0,0.4
3800,5.5,0.0,0,st,-2.0,0.4,0.0,0.0,0.4
3800,5.5,0.0,0,st,-1.5,0.4,0.0,0.0,0.4
3800,5.5,0.0,0,st,-1.0,0.4,0.0,0.0,0.4
3800,5.5,0.0,0,st,-0.75,0.3,0.0,0.0,0.3
3800,5.5,0.0,0,st,-0.5,0.2,0.0,0.0,0.2
3800,5.5,0.0,0,st,-0.25,0.1,0.0,0.0,0.1
3800,5.5,0.0,0,st,0.0,0.0,0.0,0.0,0.0
3800,5.5,0.0,0,st,0.25,0.0,0.0,0.0,0.0
3800,5.5,0.0,0,st,0.5,0.0,0.0,0.0,0.0
3800,5.5,0.0,0,st,0.75,0.0,0.0,0.0,0.0
3800,5.5,0.0,0,st,1.0,0.0,0.0,0.0,0.0
3900,3.0,0.0,0,st,-4.0,0.4,0.0,0.0,0.4
3900,3.0,0.0,0,st,-3.0,0.4,0.0,0.0,0.4
3900,3.0,0.0,0,st,-2.0,0.4,0.0,0.0,0.4
3900,3.0,0.0,0,st,-1.5,0.4,0.0,0.0,0.4
3900,3.0,0.0,0,st,-1.0,0.4,0.0,0.0,0.4
3900,3.0,0.0,0,st,-0.75,0.3,0.0,0.0,0.3
3900,3.0,0.0,0,st,-0.5,0.2,0.0,0.0,0.2
3900,3.0,0.0,0,st,-0.25,0.1,0.0,0.0,0.1
3900,3.0,0.0,0,st,0.0,0.0,0.0,0.0,0.0
3900,3.0,0.0,0,st,0.25,0.0,0.0,0.0,0.0
3900,3.0,0.0,0,st,0.5,0.0,0.0,0.0,0.0
3900,3.0,0.0,0,st,0.75,0.0,0.0,0.0,0.0
3900,3.0,0.0,0,st,1.0,0.0,0.0,0.0,0.0
3900,3.5,0.0,0,st,-4.0,0.4,0.0,0.0,0.4
3900,3.5,0.0,0,st,-2.5,0.4,0.0,0.0,0.4
3900,3.5,0.0,0,st,-2.0,0.4,0.0,0.0,0.4
3900,3.5,0.0,0,st,-1.5,0.4,0.0,0.0,0.4
3900,3.5,0.0,0,st,-1.0,0.4,0.0,0.0,0.4
3900,3.5,0.0,0,st,-0.75,0.3,0.0,0.0,0.3
3900,3.5,0.0,0,st,-0.5,0.2,0.0,0.0,0.2
3900,3.5,0.0,0,st,-0.25,0.1,0.0,0.0,0.1
3900,3.5,0.0,0,st,0.0,0.0,0.0,0.0,0.0
3900,3.5,0.0,0,st,0.25,0.0,0.0,0.0,0.0
3900,3.5,0.0,0,st,0.5,0.0,0.0,0.0,0.0
3900,3.5,0.0,0,st,0.75,0.0,0.0,0.0,0.0
3900,3.5,0.0,0,st,1.0,0.0,0.0,0.0,0.0
3900,4.0,0.0,0,st,-4.0,0.4,0.0,0.0,0.4
3900,4.0,0.0,0,st,-3.0,0.4,0.0,0.0,0.4
3900,4.0,0.0,0,st,-2.5,0.4,0.0,0.0,0.4
3900,4.0,0.0,0,st,-2.0,0.4,0.0,0.0,0.4
3900,4.0,0.0,0,st,-1.5,0.4,0.0,0.0,0.4
3900,4.0,0.0,0,st,-1.0,0.4,0.0,0.0,0.4
3900,4.0,0.0,0,st,-0.75,0.3,0.0,0.0,0.3
3900,4.0,0.0,0,st,-0.5,0.2,0.0,0.0,0.2
3900,4.0,0.0,0,st,-0.25,0.1,0.0,0.0,0.1
3900,4.0,0.0,0,st,0.0,0.0,0.0,0.0,0.0
3900,4.0,0.0,0,st,0.25,0.0,0.0,0.0,0.0
3900,4.0,0.0,0,st,0.5,0.0,0.0,0.0,0.0
3900,4.0,0.0,0,st,0.75,0.0,0.0,0.0,0.0
3900,4.0,0.0,0,st,1.0,0.0,0.0,0.0,0.0
3900,4.5,0.0,0,st,-4.0,0.4,0.0,0.0,0.4
3900,4.5,0.0,0,st,-3.0,0.4,0.0,0.0,0.4
3900,4.5,0.0,0,st,-2.5,0.4,0.0,0.0,0.4
3900,4.5,0.0,0,st,-2.0,0.4,0.0,0.0,0.4
3900,4.5,0.0,0,st,-1.5,0.4,0.0,0.0,0.4
3900,4.5,0.0,0,st,-1.0,0.4,0.0,0.0,0.4
3900,4.5,0.0,0,st,-0.75,0.3,0.0,0.0,0.3
3900,4.5,0.0,0,st,-0.5,0.2,0.0,0.0,0.2
3900,4.5,0.0,0,st,-0.25,0.1,0.0,0.0,0.1
3900,4.5,0.0,0,st,0.0,0.0,0.0,0.0,0.0
3900,4.5,0.0,0,st,0.25,0.0,0.0,0.0,0.0
3900,4.5,0.0,0,st,0.5,0.0,0.0,0.0,0.0
3900,4.5,0.0,0,st,0.75,0.0,0.0,0.0,0.0
3900,4.5,0.0,0,st,1.0,0.0,0.0,0.0,0.0
3900,5.0,0.0,0,st,-4.0,0.4,0.0,0.0,0.4
3900,5.0,0.0,0,st,-3.0,0.4,0.0,0.0,0.4
3900,5.0,0.0,0,st,-2.5,0.4,0.0,0.0,0.4
3900,5.0,0.0,0,st,-2.0,0.4,0.0,0.0,0.4
3900,5.0,0.0,0,st,-1.5,0.4,0.0,0.0,0.4
3900,5.0,0.0,0,st,-1.0,0.4,0.0,0.0,0.4
3900,5.0,0.0,0,st,-0.75,0.3,0.0,0.0,0.3
3900,5.0,0.0,0,st,-0.5,0.2,0.0,0.0,0.2
3900,5.0,0.0,0,st,-0.25,0.1,0.0,0.0,0.1
3900,5.0,0.0,0,st,0.0,0.0,0.0,0.0,0.0
3900,5.0,0.0,0,st,0.25,0.0,0.0,0.0,0.0
3900,5.0,0.0,0,st,0.5,0.0,0.0,0.0,0.0
3900,5.0,0.0,0,st,0.75,0.0,0.0,0.0,0.0
3900,5.0,0.0,0,st,1.0,0.0,0.0,0.0,0.0
3900,5.5,0.0,0,st,-3.0,0.4,0.0,0.0,0.4
3900,5.5,0.0,0,st,-2.5,0.4,0.0,0.0,0.4
3900,5.5,0.0,0,st,-2.0,0.4,0.0,0.0,0.4
3900,5.5,0.0,0,st,-1.5,0.4,0.0,0.0,0.4
3900,5.5,0.0,0,st,-1.0,0.4,0.0,0.0,0.4
3900,5.5,0.0,0,st,-0.75,0.3,0.0,0.0,0.3
3900,5.5,0.0,0,st,-0.5,0.2,0.0,0.0,0.2
3900,5.5,0.0,0,st,-0.25,0.1,0.0,0.0,0.1
3900,5.5,0.0,0,st,0.0,0.0,0.0,0.0,0.0
3900,5.5,0.0,0,st,0.25,0.0,0.0,0.0,0.0
3900,5.5,0.0,0,st,0.5,0.0,0.0,0.0,0.0
3900,5.5,0.0,0,st,0.75,0.0,0.0,0.0,0.0
3900,5.5,0.0,0,st,1.0,0.0,0.0,0.0,0.0
4000,3.0,0.0,0,st,0.0,0.0,0.0,0.0,0.0
4000,3.5,0.0,0,st,0.0,0.0,0.0,0.0,0.0
4000,4.0,0.0,0,st,0.0,0.0,0.0,0.0,0.0
4000,4.5,0.0,0,st,0.0,0.0,0.0,0.0,0.0
4000,5.0,0.0,0,st,0.0,0.0,0.0,0.0,0.0
4250,3.0,0.0,0,st,0.0,0.0,0.0,0.0,0.0
4250,3.5,0.0,0,st,0.0,0.0,0.0,0.0,0.0
4250,4.0,0.0,0,st,0.0,0.0,0.0,0.0,0.0
4250,4.5,0.0,0,st,0.0,0.0,0.0,0.0,0.0
4250,5.0,0.0,0,st,0.0,0.0,0.0,0.0,0.0
4500,3.0,0.0,0,st,0.0,0.0,0.0,0.0,0.0
4500,3.5,0.0,0,st,0.0,0.0,0.0,0.0,0.0
4500,4.0,0.0,0,st,0.0,0.0,0.0,0.0,0.0
4500,4.5,0.0,0,st,0.0,0.0,0.0,0.0,0.0
4500,5.0,0.0,0,st,0.0,0.0,0.0,0.0,0.0
4750,3.0,0.0,0,st,0.0,0.0,0.0,0.0,0.0
4750,3.5,0.0,0,st,0.0,0.0,0.0,0.0,0.0
4750,4.0,0.0,0,st,0.0,0.0,0.0,0.0,0.0
4750,4.5,0.0,0,st,0.0,0.0,0.0,0.0,0.0
4750,5.0,0.0,0,st,0.0,0.0,0.0,0.0,0.0
5000,3.0,0.0,0,st,0.0,0.0,0.0,0.0,0.0
5000,3.5,0.0,0,st,0.0,0.0,0.0,0.0,0.0
5000,4.0,0.0,0,st,0.0,0.0,0.0,0.0,0.0
5000,4.5,0.0,0,st,0.0,0.0,0.0,0.0,0.0
5000,5.0,0.0,0,st,0.0,0.0,0.0,0.0,0.0
5250,3.0,0.0,0,st,0.0,0.0,0.0,0.0,0.0
5250,3.5,0.0,0,st,0.0,0.0,0.0,0.0,0.0
5250,4.0,0.0,0,st,0.0,0.0,0.0,0.0,0.0
5250,4.5,0.0,0,st,0.0,0.0,0.0,0.0,0.0
5250,5.0,0.0,0,st,0.0,0.0,0.0,0.0,0.0
5500,3.0,0.0,0,st,0.0,0.0,0.0,0.0,0.0
5500,3.5,0.0,0,st,0.0,0.0,0.0,0.0,0.0
5500,4.0,0.0,0,st,0.0,0.0,0.0,0.0,0.0
5500,4.5,0.0,0,st,0.0,0.0,0.0,0.0,0.0
5500,5.0,0.0,0,st,0.0,0.0,0.0,0.0,0.0
5750,3.0,0.0,0,st,0.0,0.0,0.0,0.0,0.0
5750,3.5,0.0,0,st,0.0,0.0,0.0,0.0,0.0
5750,4.0,0.0,0,st,0.0,0.0,0.0,0.0,0.0
5750,4.5,0.0,0,st,0.0,0.0,0.0,0.0,0.0
5750,5.0,0.0,0,st,0.0,0.0,0.0,0.0,0.0
6000,3.0,0.0,0,st,0.0,0.0,0.0,0.0,0.0
6000,3.5,0.0,0,st,0.0,0.0,0.0,0.0,0.0
6000,4.0,0.0,0,st,0.0,0.0,0.0,0.0,0.0
6000,4.5,0.0,0,st,0.0,0.0,0.0,0.0,0.0
6000,5.0,0.0,0,st,0.0,0.0,0.0,0.0,0.0
6250,3.0,0.0,0,st,0.0,0.0,0.0,0.0,0.0
6250,3.5,0.0,0,st,0.0,0.0,0.0,0.0,0.0
6250,4.0,0.0,0,st,0.0,0.0,0.0,0.0,0.0
6250,4.5,0.0,0,st,0.0,0.0,0.0,0.0,0.0
6250,5.0,0.0,0,st,0.0,0.0,0.0,0.0,0.0
6500,3.0,0.0,0,st,0.0,0.0,0.0,0.0,0.0
6500,3.5,0.0,0,st,0.0,0.0,0.0,0.0,0.0
6500,4.0,0.0,0,st,0.0,0.0,0.0,0.0,0.0
6500,4.5,0.0,0,st,0.0,0.0,0.0,0.0,0.0
6500,5.0,0.0,0,st,0.0,0.0,0.0,0.0,0.0
6750,3.0,0.0,0,st,0.0,0.0,0.0,0.0,0.0
6750,3.5,0.0,0,st,0.0,0.0,0.0,0.0,0.0
6750,4.0,0.0,0,st,0.0,0.0,0.0,0.0,0.0
6750,4.5,0.0,0,st,0.0,0.0,0.0,0.0,0.0
6750,5.0,0.0,0,st,0.0,0.0,0.0,0.0,0.0
7000,3.0,0.0,0,st,0.0,0.0,0.0,0.0,0.0
7000,3.5,0.0,0,st,0.0,0.0,0.0,0.0,0.0
7000,4.0,0.0,0,st,0.0,0.0,0.0,0.0,0.0
7000,4.5,0.0,0,st,0.0,0.0,0.0,0.0,0.0
7000,5.0,0.0,0,st,0.0,0.0,0.0,0.0,0.0
7250,3.0,0.0,0,st,0.0,0.0,0.0,0.0,0.0
7250,3.5,0.0,0,st,0.0,0.0,0.0,0.0,0.0
7250,4.0,0.0,0,st,0.0,0.0,0.0,0.0,0.0
7250,4.5,0.0,0,st,0.0,0.0,0.0,0.0,0.0
7250,5.0,0.0,0,st,0.0,0.0,0.0,0.0,0.0
7500,3.0,0.0,0,st,0.0,0.0,0.0,0.0,0.0
7500,3.5,0.0,0,st,0.0,0.0,0.0,0.0,0.0
7500,4.0,0.0,0,st,0.0,0.0,0.0,0.0,0.0
7500,4.5,0.0,0,st,0.0,0.0,0.0,0.0,0.0
7500,5.0,0.0,0,st,0.0,0.0,0.0,0.0,0.0
7750,3.0,0.0,0,st,0.0,0.0,0.0,0.0,0.0
7750,3.5,0.0,0,st,0.0,0.0,0.0,0.0,0.0
7750,4.0,0.0,0,st,0.0,0.0,0.0,0.0,0.0
7750,4.5,0.0,0,st,0.0,0.0,0.0,0.0,0.0
7750,5.0,0.0,0,st,0.0,0.0,0.0,0.0,0.0
8000,3.5,0.0,0,st,0.0,0.0,0.0,0.0,0.0
8000,4.0,0.0,0,st,0.0,0.0,0.0,0.0,0.0
8000,4.5,0.0,0,st,0.0,0.0,0.0,0.0,0.0
8000,5.0,0.0,0,st,0.0,0.0,0.0,0.0,0.0
